,159850_amont,159960_amont,161831_amont,510900_amont,159823_amont,159954_amont,160717_amont,etfs_amont,index_amt,etf_chg_amt_pct,etf_chg_amt_pct_lag1
2020-04-16,,0.0,,,,,,0.0,2203010705.2251496,0.0,
2020-04-17,,0.0,,,,,,0.0,2721379190.766641,0.0,0.0
2020-04-20,,0.0,,,,,,0.0,1417432937.4395952,0.0,0.0
2020-04-21,,0.0,,,,,,0.0,1869470454.5310783,0.0,0.0
2020-04-22,,0.0,,,,,,0.0,1448990755.3397014,0.0,0.0
2020-04-23,,0.0,,,,,,0.0,1581466097.5243428,0.0,0.0
2020-04-24,,0.0,,,,,,0.0,1185040418.0748665,0.0,0.0
2020-04-27,,-956000.0,,,,,,-956000.0,1467094918.2722576,-4.6840618872021005e-05,0.0
2020-04-28,,0.0,,,,,,0.0,1375401133.1612124,0.0,-4.6840618872021005e-05
2020-04-29,,0.0,,,,,,0.0,1387895470.8306994,0.0,0.0
2020-05-06,,0.0,,,,,,0.0,1803477228.9257627,0.0,0.0
2020-05-07,,-956000.0,,,,,,-956000.0,1223477167.4081843,-5.4913692145286426e-05,0.0
2020-05-08,,0.0,,,,,,0.0,1641052690.4148278,0.0,-5.4913692145286426e-05
2020-05-11,,0.0,,,,,,0.0,2343340537.873134,0.0,0.0
2020-05-12,,-966000.0,,,,,,-966000.0,1790670055.920128,-5.067508429327961e-05,0.0
2020-05-13,,0.0,,,,,,0.0,1817917579.7476745,0.0,-5.067508429327961e-05
2020-05-14,,-1904000.0,,,,,,-1904000.0,2452270893.109059,-8.770034688997453e-05,0.0
2020-05-15,,0.0,,,,,,0.0,1832744500.2519813,0.0,-8.770034688997453e-05
2020-05-18,,-954000.0,,,,,,-954000.0,1632256094.5259135,-5.7730813742011746e-05,0.0
2020-05-19,,0.0,,,,,,0.0,1938438068.2984767,0.0,-5.7730813742011746e-05
2020-05-20,,-970000.0,,,,,,-970000.0,1805510509.945849,-5.418024359701958e-05,0.0
2020-05-21,,-968000.0,,,,,,-968000.0,1690681629.3682158,-4.936638110516029e-05,-5.418024359701958e-05
2020-05-22,,-935000.0,,,,,,-935000.0,3250592215.0765886,-2.56373445340319e-05,-4.936638110516029e-05
2020-05-25,,0.0,,,,,,0.0,1688159527.4403012,0.0,-2.56373445340319e-05
2020-05-26,,0.0,,,,,,0.0,1341373631.3759167,0.0,0.0
2020-05-27,,0.0,,,,,,0.0,1758364441.7675915,0.0,0.0
2020-05-28,,-1896000.0,,,,,,-1896000.0,2261218016.7564473,-7.340309891765497e-05,0.0
2020-05-29,,-1890000.0,,,,,,-1890000.0,2784904030.8523097,-4.875318890883731e-05,-7.340309891765497e-05
2020-06-01,,-971000.0,,,,,,-971000.0,2225261295.9601965,-3.2183205724998865e-05,-4.875318890883731e-05
2020-06-02,,-3900000.0,,,,,,-3900000.0,1747500303.7254918,-0.00020026802124321053,-3.2183205724998865e-05
2020-06-03,,-980000.0,,,,,,-980000.0,2273341457.4788857,-3.4866348889963816e-05,-0.00020026802124321053
2020-06-04,,-3924000.0,,,,,,-3924000.0,1790408512.8979032,-0.00017584767505089962,-3.4866348889963816e-05
2020-06-05,,-1970000.0,,,,,,-1970000.0,2258086221.0129123,-8.026647825278111e-05,-0.00017584767505089962
2020-06-08,,0.0,,,,,,0.0,1834046528.428001,0.0,-8.026647825278111e-05
2020-06-09,,0.0,,,,,,0.0,1752276197.8866627,0.0,0.0
2020-06-10,,-996000.0,,,,,,-996000.0,2426645908.719457,-4.0055695883147e-05,0.0
2020-06-11,,-982000.0,,,,,,-982000.0,2128707150.402852,-4.4051798568212474e-05,-4.0055695883147e-05
2020-06-12,,0.0,,,,,,0.0,1566253698.9920995,0.0,-4.4051798568212474e-05
2020-06-15,,0.0,,,,,,0.0,1681759152.4973354,0.0,0.0
2020-06-16,,0.0,,,,,,0.0,1721065076.2607188,0.0,0.0
2020-06-17,,0.0,,,,,,0.0,1300878401.80042,0.0,0.0
2020-06-18,,0.0,,,,,,0.0,1614794116.1865563,0.0,0.0
2020-06-19,,0.0,,,,,,0.0,2210934985.52429,0.0,0.0
2020-06-22,,0.0,,,,,,0.0,2053542378.989103,0.0,0.0
2020-06-23,,0.0,,,,,,0.0,2356623547.7637153,0.0,0.0
2020-06-24,,0.0,,,,,,0.0,1831999938.1348987,0.0,0.0
2020-06-29,,0.0,,,,,,0.0,2063774811.6064928,0.0,0.0
2020-06-30,,0.0,,,,,,0.0,2121217104.3619995,0.0,0.0
2020-07-02,,0.0,,,,,,0.0,3373647593.865994,0.0,0.0
2020-07-03,,0.0,,,,,,0.0,2390399575.8502765,0.0,0.0
2020-07-06,,0.0,,,,,,0.0,4055041983.1540046,0.0,0.0
2020-07-07,,0.0,,,,,,0.0,3682972251.058537,0.0,0.0
2020-07-08,,3219000.0,,,,,,3219000.0,3090028850.0171423,9.287634104372607e-05,0.0
2020-07-09,,1067000.0,,,,,,1067000.0,2869293192.766642,3.465870523759184e-05,9.287634104372607e-05
2020-07-10,,2084000.0,,,,,,2084000.0,2639299593.7574334,7.628482600267093e-05,3.465870523759184e-05
2020-07-13,,0.0,,,,,,0.0,2232646899.4986005,0.0,7.628482600267093e-05
2020-07-14,,0.0,,,,,,0.0,2443667968.541213,0.0,0.0
2020-07-15,,0.0,,,,,,0.0,2225521155.62722,0.0,0.0
2020-07-16,,0.0,,,,,,0.0,2610009747.5336733,0.0,0.0
2020-07-17,,0.0,,,,,,0.0,1693335040.889295,0.0,0.0
2020-07-20,,0.0,,,,,,0.0,1720374300.9752815,0.0,0.0
2020-07-21,,0.0,,,,,,0.0,2833633984.2423487,0.0,0.0
2020-07-22,,0.0,,,,,,0.0,2272641765.405068,0.0,0.0
2020-07-23,,0.0,,,,,,0.0,2074636488.2044678,0.0,0.0
2020-07-24,,0.0,,,,,,0.0,2829171717.458344,0.0,0.0
2020-07-27,,0.0,,,,,,0.0,1786254071.2296362,0.0,0.0
2020-07-28,,0.0,,,,,,0.0,2023280338.3900821,0.0,0.0
2020-07-29,,-1010999.9999999999,,,,,,-1010999.9999999999,1279671741.7094212,-7.490343277207729e-05,0.0
2020-07-30,,0.0,,,,,,0.0,1633085988.6896682,0.0,-7.490343277207729e-05
2020-07-31,,0.0,,,,,,0.0,1675399636.1846392,0.0,0.0
2020-08-03,,0.0,,,,,,0.0,2016052986.6264215,0.0,0.0
2020-08-04,,1016999.9999999999,,,,,0.823,1017000.8229999999,2262230099.765702,4.275954694687792e-05,0.0
2020-08-05,,0.0,,,,,14998.351999999999,14998.351999999999,1686100028.9181838,8.821091651701197e-07,4.275954694687792e-05
2020-08-06,,1004000.0,,,,,0.0,1004000.0,2051561626.512723,5.083876862212266e-05,8.821091651701197e-07
2020-08-07,,0.0,,,,,9976.922,9976.922,4572166498.455303,4.914287340992406e-07,5.083876862212266e-05
2020-08-10,,0.0,,,,,0.0,0.0,3335416207.6436334,0.0,4.914287340992406e-07
2020-08-11,,0.0,,,,,0.0,0.0,2243060229.9229183,0.0,0.0
2020-08-12,,0.0,,,,,8710.951000000001,8710.951000000001,1775466632.3449187,4.756431927406721e-07,0.0
2020-08-13,,0.0,,,,,0.0,0.0,2312229673.1856513,0.0,4.756431927406721e-07
2020-08-14,,0.0,,,,,0.0,0.0,1567194251.567986,0.0,0.0
2020-08-17,,0.0,,,,,-93842.79999999999,-93842.79999999999,1900778177.5158515,-4.108208049266209e-06,0.0
2020-08-18,,0.0,,,,,-98449.2,-98449.2,1421333660.2244575,-5.834729606805786e-06,-4.108208049266209e-06
2020-08-19,,0.0,,,,,-22221.0,-22221.0,1138819010.0915508,-1.6883382351339423e-06,-5.834729606805786e-06
2020-08-20,,0.0,,,,,162.0,162.0,1593982719.3120403,7.585402383035822e-09,-1.6883382351339423e-06
2020-08-21,,2008000.0,,,,,0.0,2008000.0,1564255521.439938,0.00014143420859045628,7.585402383035822e-09
2020-08-24,,0.0,,,,,13931.8,13931.8,2323723250.191745,8.322415656510312e-07,0.00014143420859045628
2020-08-25,,0.0,,,,,0.0,0.0,1705554129.0934412,0.0,8.322415656510312e-07
2020-08-26,,0.0,,,,,0.0,0.0,1682484492.7910333,0.0,0.0
2020-08-27,,0.0,,,,,0.0,0.0,1853867572.4019086,0.0,0.0
2020-08-28,,0.0,,,,,-26357.1,-26357.1,2405117219.18824,-9.525611331808185e-07,0.0
2020-08-31,,0.0,,,,,0.0,0.0,2632026256.2567086,0.0,-9.525611331808185e-07
2020-09-01,,2934000.0,,,,,490.02200000000005,2934490.022,2106028267.502533,0.00011912501954835674,0.0
2020-09-02,,975000.0,,,,,0.0,975000.0,1889128862.2131608,3.440337148552596e-05,0.00011912501954835674
2020-09-03,,0.0,,,,,980.0490000000001,980.0490000000001,1893910909.637155,3.908287369302172e-08,3.440337148552596e-05
2020-09-04,,0.0,,,,,0.0,0.0,3276471291.5761595,0.0,3.908287369302172e-08
2020-09-07,,0.0,,,,,0.0,0.0,2958763728.972791,0.0,0.0
2020-09-08,,963000.0,,,,,0.0,963000.0,2718032014.876419,3.991579424883191e-05,0.0
2020-09-09,,0.0,,,,1846000.0,0.0,1846000.0,2261256278.1474905,8.347850669668625e-05,3.991579424883191e-05
2020-09-10,,0.0,,,,0.0,0.0,0.0,1771501390.9440923,0.0,8.347850669668625e-05
2020-09-11,,0.0,,,,927000.0,2478.4500000000003,929478.45,1650802073.8455343,5.584213637186239e-05,0.0
2020-09-14,,0.0,,,,0.0,0.0,0.0,1968328090.0965464,0.0,5.584213637186239e-05
2020-09-15,,0.0,,,,929000.0,0.0,929000.0,2154622937.8231516,4.841488831136735e-05,0.0
2020-09-16,,0.0,,,,0.0,13261.800000000001,13261.800000000001,1606479989.8411138,7.272752921550303e-07,4.841488831136735e-05
2020-09-17,,0.0,,,,0.0,0.0,0.0,1810253466.3696194,0.0,7.272752921550303e-07
2020-09-18,,0.0,,,,925000.0,0.0,925000.0,2741687794.007134,2.7357010806639352e-05,0.0
2020-09-21,,0.0,,,,0.0,0.0,0.0,1702669050.503903,0.0,2.7357010806639352e-05
2020-09-22,,0.0,,,,9966000.0,-68580.0,9897420.0,1542509736.9451487,0.0005231153359758722,0.0
2020-09-23,,-1874000.0,,,,903000.0,19626.516,-951373.484,1629101290.9968333,-4.733973830042719e-05,0.0005231153359758722
2020-09-24,,0.0,,,,891000.0,24239.32,915239.32,1975517044.2355225,3.6726942542057966e-05,-4.733973830042719e-05
2020-09-25,,0.0,,,,0.0,0.0,0.0,1667045550.7430768,0.0,3.6726942542057966e-05
2020-09-28,,0.0,,,,1778000.0,16682.712,1794682.712,1337775264.5700648,0.00010556463200379262,0.0
2020-09-29,,0.0,,,,884000.0,98538.146,982538.146,1518363909.3788242,4.596150412266358e-05,0.00010556463200379262
2020-09-30,,0.0,,,,0.0,0.0,0.0,1719328723.4048007,0.0,4.596150412266358e-05
2020-10-09,,0.0,,,,0.0,60688.122,60688.122,2087565047.461279,3.1811275951364563e-06,0.0
2020-10-12,,-950000.0,3397440.6,,,1842000.0,0.0,4289440.6,2658600404.5905633,0.0001389604127592068,3.1811275951364563e-06
2020-10-14,,0.0,3012951.924,,,0.0,4902.366,3017854.29,3336562369.066864,8.162964570263685e-05,0.0001389604127592068
2020-10-15,,0.0,8618412.6,,,0.0,0.0,8618412.6,2499643482.211602,0.0002993451791124942,8.162964570263685e-05
2020-10-16,,0.0,802604.3,,,0.0,976.788,803581.088,2173039379.401093,2.6463288063917816e-05,0.0002993451791124942
2020-10-19,,0.0,-246978.318,,,0.0,-6.966,-246985.28399999999,2727999732.774641,-7.622371952791625e-06,2.6463288063917816e-05
2020-10-20,,0.0,-3937106.224,,,0.0,0.0,-3937106.224,1911969236.3320403,-0.00015569022578545375,-7.622371952791625e-06
2020-10-21,,0.0,529594.4500000001,,,0.0,0.0,529594.4500000001,2011209417.5734031,1.8427680977656085e-05,-0.00015569022578545375
2020-10-22,,0.0,5980588.308,,,0.0,0.774,5980589.082,1985801314.7209916,0.0002084109285572947,1.8427680977656085e-05
2020-10-23,,0.0,-524233.302,,298141398.314,0.0,-64902.812,297552262.20000005,1811962710.8485827,0.011047227289181533,0.0002084109285572947
2020-10-27,,0.0,,,0.0,0.0,0.0,0.0,3165019800.190247,0.0,0.011047227289181533
2020-10-28,,0.0,0.0,,-3610799.9999999995,0.0,0.0,-3610799.9999999995,3468159874.968448,-0.00011580437043276357,0.0
2020-10-29,,0.0,1895759.1,,-11988000.0,0.0,-1542.0,-10093782.9,3368741315.3373513,-0.00031934487932035817,-0.00011580437043276357
2020-10-30,,0.0,-6245625.117,-1094000.0,-13537800.0,-1814000.0,0.0,-22691425.117,3582874059.1015778,-0.0006242206555116238,-0.00031934487932035817
2020-11-02,,-946000.0,-2531545.514,0.0,-5356800.0,0.0,-62505.131,-8896850.645,2511641674.8861275,-0.00029974505549685144,-0.0006242206555116238
2020-11-03,,0.0,2678750.2860000003,28149999.999999996,-4833599.999999999,0.0,0.0,25995150.286,2597133804.6787167,0.0008995379361273724,-0.00029974505549685144
2020-11-04,,0.0,4186629.524,-34080000.0,-14544000.0,-2829000.0,-101650.274,-47368020.74999999,4743244745.4439335,-0.0017538030095584564,0.0008995379361273724
2020-11-05,,0.0,-5267743.188,0.0,-618600.0,0.0,-19294.2,-5905637.388,4064818802.0158668,-0.00014738212678750548,-0.0017538030095584564
2020-11-06,,0.0,12009810.0,-34680000.0,-24839999.999999996,0.0,-11809.602,-47521999.602,3582353489.710927,-0.0014093492124397837,-0.00014738212678750548
2020-11-09,,0.0,1565760.0289999999,-105300000.0,-16961400.0,-1948000.0,-267387.4,-122911027.371,3295807285.74671,-0.003400381541765528,-0.0014093492124397837
2020-11-10,,-1002000.0,1418384.7999999998,0.0,-10567200.0,-6790000.0,-70666.409,-17011481.609,5595706000.875361,-0.0003842860244667706,-0.003400381541765528
2020-11-11,,0.0,-3041763.252,0.0,-10577400.0,-970000.0,-54454.196,-14643617.448,7722313941.083122,-0.00024404334085793803,-0.0003842860244667706
2020-11-12,,0.0,1920421.152,-2336000.0,-5616000.0,0.0,0.0,-6031578.848,4189916776.1542435,-0.00015139368489460933,-0.00024404334085793803
2020-11-13,,0.0,-7280186.94,0.0,-4963200.0,-3880000.0,-61615.988000000005,-16185002.928000001,3768123543.158045,-0.000479041417649172,-0.00015139368489460933
2020-11-16,,0.0,-704525.3280000001,-12738000.0,-8660400.0,-1940000.0,1029.112,-24041896.216000002,3173671486.10731,-0.0007901393911043011,-0.000479041417649172
2020-11-17,,-1002999.9999999999,-15450646.074000001,0.0,-6173999.999999999,-967000.0,-15.96,-23594662.034,3083776816.7693305,-0.0007505977307611677,-0.0007901393911043011
2020-11-18,,0.0,-4118250.24,-18512000.0,-2464800.0,-968000.0,-55051.100000000006,-26118101.340000004,2529943851.3799396,-0.0008040391489247954,-0.0007505977307611677
2020-11-19,,0.0,-1126082.1300000001,-5795000.0,-20930400.0,-3876000.0,-31800.0,-31759282.13,2639626615.6210785,-0.00099366154952572,-0.0008040391489247954
2020-11-20,,0.0,-675048.816,-1157000.0,0.0,0.0,0.0,-1832048.816,2485803861.1701617,-6.044683880036925e-05,-0.00099366154952572
2020-11-23,,-1008000.0,1230929.0189999999,0.0,-1861200.0,0.0,0.0,-1638270.9810000001,3276493431.2359586,-5.70285730264038e-05,-6.044683880036925e-05
2020-11-24,,-1002999.9999999999,6573936.418,-9320000.0,-3098999.9999999995,-2916000.0,0.0,-9764063.582,2832617414.623988,-0.0003716213647096656,-5.70285730264038e-05
2020-11-25,,0.0,-2338917.54,-11600000.0,-618000.0,-967000.0,-168000.0,-15691917.54,3305523730.859604,-0.0004304752146581504,-0.0003716213647096656
2020-11-26,,0.0,1126425.1679999998,0.0,0.0,0.0,0.0,1126425.1679999998,2180123791.2479954,4.792856667427656e-05,-0.0004304752146581504
2020-11-27,,0.0,2425121.28,-107835000.0,-6936600.0,-1980000.0,-17.052,-114326495.772,2377744776.308224,-0.0036981390645477105,4.792856667427656e-05
2020-11-30,,0.0,6085353.953000001,1167000.0,-4334400.0,0.0,-105848.0,2812105.9530000007,5265501669.9905,3.447604297222774e-05,-0.0036981390645477105
2020-12-01,,0.0,-9177276.743999999,0.0,0.0,0.0,-201667.912,-9378944.656,3638900164.219253,-0.0002267586787293883,3.447604297222774e-05
2020-12-02,,0.0,,0.0,-7387200.0,0.0,0.0,-7387200.0,4300255692.689738,-0.00023537705498673738,-0.0002267586787293883
2020-12-03,,0.0,23914921.84,0.0,-615000.0,-1936000.0,-99593.917,21264327.923,2851460694.7855787,0.0005674400959059165,-0.00023537705498673738
2020-12-04,,0.0,-694225.056,-1158000.0,-1232400.0,0.0,0.0,-3084625.056,3591898901.4776015,-6.523851937203411e-05,0.0005674400959059165
2020-12-07,,0.0,4901992.865,0.0,-6072000.0,-956000.0,-3698.9,-2129706.0349999997,2578773384.629761,-5.4041736543837585e-05,-6.523851937203411e-05
2020-12-08,,0.0,-8077859.232,0.0,0.0,0.0,-54342.176,-8132201.408,2248425890.300672,-0.00026407814245205444,-5.4041736543837585e-05
2020-12-09,,0.0,21509575.786000002,0.0,0.0,0.0,0.0,21509575.786000002,2402023473.5890493,0.0007018403025630959,-0.00026407814245205444
2020-12-10,,0.0,837464.03,0.0,-1209600.0,952000.0,0.0,579864.03,2014325120.0761409,2.2136039990327787e-05,0.0007018403025630959
2020-12-11,,0.0,-3419030.67,0.0,0.0,0.0,0.0,-3419030.67,2286533830.1392355,-0.00011232278137733072,2.2136039990327787e-05
2020-12-14,,0.0,-3980247.132,0.0,-604800.0,0.0,0.0,-4585047.132,3228043245.162625,-0.00014688015633871102,-0.00011232278137733072
2020-12-15,,0.0,1711175.301,0.0,0.0,0.0,-7830.0,1703345.301,3425090599.5926495,4.8762081132685577e-05,-0.00014688015633871102
2020-12-16,,0.0,3121487.718,-1140000.0,0.0,0.0,-1570.0,1979917.7179999999,2360532017.895817,6.846042156042117e-05,4.8762081132685577e-05
2020-12-17,,0.0,4335023.394,-1143000.0,-1216800.0,0.0,0.0,1975223.3940000003,2220654558.934324,5.9578520724341275e-05,6.846042156042117e-05
2020-12-18,,0.0,2384002.808,0.0,-1818000.0,0.0,-178216.15,387786.65800000017,3199762379.0058966,8.516354269772963e-06,5.9578520724341275e-05
2020-12-21,,0.0,1391545.8260000001,0.0,0.0,-1908000.0,-8567.4,-525021.5739999999,2265047636.2434855,-1.8549686720093444e-05,8.516354269772963e-06
2020-12-22,,-974000.0,1763698.8,0.0,0.0,0.0,-34934.130000000005,754764.67,1895946652.839665,2.8958434555858697e-05,-1.8549686720093444e-05
2020-12-23,,0.0,-27985459.712,1144000.0,-1214400.0,0.0,0.0,-28055859.712,2601806492.83767,-0.0009236541691226358,2.8958434555858697e-05
2020-12-24,,0.0,-2664126.096,0.0,0.0,0.0,-5917.914000000001,-2670044.01,2534149112.42565,-0.00014902508993392007,-0.0009236541691226358
2020-12-28,,0.0,-1013574.021,0.0,0.0,0.0,0.0,-1013574.021,5914714715.73797,-2.92065860833824e-05,-0.00014902508993392007
2020-12-29,,0.0,5921789.4,-102059999.99999999,1204800.0,0.0,0.0,-94933410.59999998,3591678555.905731,-0.003477969027280953,-2.92065860833824e-05
2020-12-30,,0.0,3427850.7,-214458000.0,0.0,-961000.0,-79.10000000000001,-211991228.4,3499801702.897109,-0.005793431166091135,-0.003477969027280953
2020-12-31,,0.0,18774732.96,-116299960.458,-3715200.0,0.0,-67800.78,-101308228.278,1994268705.2839687,-0.0037205874489194247,-0.005793431166091135
2021-01-04,,0.0,,-1155039.2700011015,0.0,-967000.0,-90925.74,-2212965.0100011015,3341049349.5328507,-5.7928110211580305e-05,-0.0037205874489194247
2021-01-05,,0.0,714585160.993,0.0,-4934400.0,-971000.0,0.0,708679760.993,3273828057.3282924,0.0180810297436858,-5.7928110211580305e-05
2021-01-06,,0.0,0.0,0.0,2479200.0,0.0,-154542.168,2324657.832,4088311574.974973,5.404379367961945e-05,0.0180810297436858
2021-01-07,,0.0,-32095067.042,-1158000.0,-3072000.0,0.0,-292341.194,-36617408.235999994,5107941636.163001,-0.0007931951950621143,5.404379367961945e-05
2021-01-08,,0.0,-9890104.32,0.0,0.0,-988000.0,-42122.656,-10920226.976,5207683509.701619,-0.00019726978293243953,-0.0007931951950621143
2021-01-11,,0.0,-1924884.808,-119200000.0,-2520000.0,0.0,-18732.199999999997,-123663617.008,5465808999.229884,-0.002211240278937607,-0.00019726978293243953
2021-01-12,,0.0,-142534620.29999998,0.0,0.0,-5050000.0,-116053.0,-147700673.29999998,3746279128.7437763,-0.0031214957380773897,-0.002211240278937607
2021-01-13,,4196000.0,-41202987.525,0.0,-1909800.0,-2017999.9999999998,-32418.631999999998,-40967206.157,3523647118.9269753,-0.0009725463553421584,-0.0031214957380773897
2021-01-14,,1062000.0,-29710567.428,0.0,0.0,-1016999.9999999999,-37486.666,-29703054.094,4706497365.056724,-0.0006386136967847642,-0.0009725463553421584
2021-01-15,,1063000.0,-27877493.5,-2440000.0,0.0,1024000.0,-30024.0,-28260517.5,6164821245.688543,-0.0004991706605270807,-0.0006386136967847642
2021-01-18,,3252000.0,-13271446.791,0.0,15840000.000000002,0.0,-108290.75,5712262.459000003,5057704098.989895,0.00013044393963961972,-0.0004991706605270807
2021-01-19,,4504000.0,-23522733.728,0.0,15414600.0,3207000.0,-74306.1,-471439.8280000001,5572074089.131009,-6.3833681586875236e-06,0.00013044393963961972
2021-01-20,,11170000.0,-30513449.379999995,644910000.0000012,55015199.99999999,61617000.0,5340659.87,747539410.4900012,6745727422.867768,0.011253962738516317,-6.3833681586875236e-06
2021-01-21,,6684000.000000001,-650643.0,585782000.0,-1350000.0,43993000.0,69603095.055,704061452.0550001,4933177315.798754,0.01277934395402976,0.011253962738516317
2021-01-22,,2188000.0,-5338815.32,27896000.0,-6666000.0,0.0,3308595.697,21387780.377,4900123285.545707,0.00038439208447523594,0.01277934395402976
2021-01-25,,0.0,-4969463.184,62016000.0,-3407999.9999999995,0.0,1857583.668,55496120.484,7062895782.000894,0.0009657646031146979,0.00038439208447523594
2021-01-26,,0.0,-5311831.352,0.0,-7359000.0,2134000.0,72263.73,-10464567.622,6969909418.827836,-0.00019054684001300402,0.0009657646031146979
2021-01-27,,0.0,-8097954.72,0.0,-1335600.0,2136000.0,591604.623,-6705950.096999999,5828319637.815761,-0.00013497072831595774,-0.00019054684001300402
2021-01-28,,-2122000.0,-27493225.316999998,109559000.00000001,-1297200.0,0.0,-5757533.88,72889040.80300002,5398328903.829745,0.0015278537526425117,-0.00013497072831595774
2021-01-29,,0.0,-2409402.35,49938000.0,642000.0,0.0,-586106.793,47584490.857,5048568469.013118,0.0008597811829560602,0.0015278537526425117
2021-02-01,,0.0,-863470.079,2472000.0,-5203200.0,2085999.9999999998,-1831439.4179999998,-3340109.497,4316538391.297569,-8.203324281784822e-05,0.0008597811829560602
2021-02-02,,0.0,-3261685.4189999998,18810000.0,-2649600.0,0.0,-6839198.608,6059515.973,4660902848.494072,0.00013200460579210817,-8.203324281784822e-05
2021-02-03,,0.0,-1195582.054,2500000.0,-2640000.0,0.0,-1536178.456,-2871760.51,4206080939.24314,-6.06444561112799e-05,0.00013200460579210817
2021-02-04,,0.0,-2490257.8249999997,0.0,0.0,-4208000.0,-2619620.1,-9317877.924999999,5330733902.349343,-0.0001798249171344395,-6.06444561112799e-05
2021-02-05,,1090000.0,-6007369.17,-1249000.0,-657000.0,0.0,-590659.688,-7414028.858,3795158058.9064336,-0.0001673376459181637,-0.0001798249171344395
2021-02-08,,4352000.0,-1687069.02,1246000.0,-6588000.000000001,0.0,-3434164.144,-6111233.164000001,2789161423.5298786,-0.00016278251798898662,-0.0001673376459181637
2021-02-09,,0.0,-4590017.25,-248000000.0,-1310400.0,-19969000.0,-389738.42699999997,-274259155.677,2289673586.904883,-0.008638804563198616,-0.00016278251798898662
2021-02-10,,0.0,-4858605.43,0.0,-2001600.0000000002,0.0,-878383.008,-7738588.438,3393947907.9834714,-0.0002128594598354902,-0.008638804563198616
2021-02-18,,0.0,0.0,-116730000.0,-7510799.999999999,0.0,-60816.625,-124301616.625,4956724096.166994,-0.0021159968805602608,-0.0002128594598354902
2021-02-19,1147032986.442,0.0,3079.506,-5188000.0,-10260000.0,-10950000.0,-848587.844,1119789478.1039999,4832238849.344917,0.022011030618258456,-0.0021159968805602608
2021-02-22,-3066000.0,0.0,-16493531.37,-28358000.0,-1355999.9999999998,-2182000.0,-8134347.876,-59589879.246,5527159686.058103,-0.0008992089900088173,0.022011030618258456
2021-02-23,-11186999.999999998,8944000.0,-5703972.582,0.0,0.0,-1088000.0,-1352123.2,-10387095.781999998,4574521673.822572,-0.00015576011939598825,-0.0008992089900088173
2021-02-24,-16728000.0,0.0,-2902566.404,0.0,0.0,-1050000.0,-97196.094,-20777762.498,6187042456.613036,-0.00027347776842418816,-0.00015576011939598825
2021-02-25,0.0,0.0,-1985464.383,0.0,-4649400.0,-1073000.0,-17180.0,-7725044.382999999,4098797268.885394,-0.00012081771730081958,-0.00027347776842418816
2021-02-26,-10648000.0,1069000.0,-1564538.8499999999,-304500000.0,-7704000.0,5185000.0,-1060366.8029999998,-319222905.653,5586900441.921133,-0.004002652657898574,-0.00012081771730081958
2021-03-01,0.0,2156000.0,-5552575.664,-123000000.0,0.0,-5245000.0,-1754889.3159999999,-133396464.98,3950819507.7444515,-0.0027733582494191326,-0.004002652657898574
2021-03-02,-5862000.0,2158000.0,0.0,0.0,0.0,1048000.0,-2191622.562,-4847622.562,3778920002.172738,-9.464415901486182e-05,-0.0027733582494191326
2021-03-03,-5970000.0,0.0,-1366039.3599999999,-126552999.99999999,0.0,-6402000.0,-19333.584,-140310372.94399998,3272325342.7332296,-0.0025798647082721864,-9.464415901486182e-05
2021-03-04,-10681000.0,0.0,-1097403.852,0.0,0.0,-1046000.0,-551419.6479999999,-13375823.5,3959621596.851468,-0.00023047433120578867,-0.0025798647082721864
2021-03-05,-7792000.0,3222000.0,-4947378.955,0.0,-643800.0,1048000.0,-1063343.71,-10176522.665,4412111583.436205,-0.00015496360361066025,-0.00023047433120578867
2021-03-08,-956000.0,-1055000.0,-193997.0,0.0,-3159000.0,7196000.0,-17417.4,1814585.6,5409010345.407798,2.654272093117514e-05,-0.00015496360361066025
2021-03-09,0.0,0.0,-799391.712,0.0,0.0,3036000.0,-116601.70800000001,2120006.5799999996,5505717389.301122,2.857177551099525e-05,2.654272093117514e-05
2021-03-10,0.0,0.0,-2731955.148,-71580000.0,0.0,4064000.0,0.0,-70247955.148,3555873835.515576,-0.0015416688775363265,2.857177551099525e-05
2021-03-11,0.0,-2140000.0,-2184793.3219999997,0.0,-643200.0,0.0,-248400.0,-5216393.322,4018599916.360849,-0.00010068811937604389,-0.0015416688775363265
2021-03-12,0.0,-2148000.0,-233280.19199999998,-122600000.0,0.0,0.0,0.0,-124981280.192,4408405687.015818,-0.002093984745098059,-0.00010068811937604389
2021-03-15,-2886000.0,-1061000.0,-2316947.256,0.0,0.0,0.0,-282510.774,-6546458.03,4629757302.6712475,-0.00013828238459767672,-0.002093984745098059
2021-03-16,0.0,0.0,-2008456.5,0.0,0.0,2076000.0,-251610.615,-184067.115,2933429392.42666,-4.747801527979975e-06,-0.00013828238459767672
2021-03-17,-2925000.0,-1077000.0,-482661.39999999997,0.0,-1291200.0,1042000.0,0.0,-4733861.4,2573783388.7598057,-0.00013092895034566427,-4.747801527979975e-06
2021-03-18,-1982000.0,0.0,-2837243.836,0.0,0.0,23210000.0,-275795.88,18114960.284,3463954517.8510695,0.0004515411076397965,-0.00013092895034566427
2021-03-19,-46320000.0,-1066000.0,-148896.0,0.0,0.0,24647999.999999996,-57750.0,-22944646.000000004,3771968531.206833,-0.0003902341684483718,0.0004515411076397965
2021-03-22,0.0,0.0,-8648963.4,0.0,0.0,1032999.9999999999,-490835.904,-8106799.3040000005,2252778183.110034,-0.0002547675266963101,-0.0003902341684483718
2021-03-23,-1912000.0,0.0,-100749.20000000001,0.0,-632400.0,0.0,-1254251.817,-3899401.017,2665757190.1997166,-0.00010774525247493022,-0.0002547675266963101
2021-03-24,0.0,2065999.9999999998,-1344908.756,0.0,0.0,0.0,-456202.80000000005,264888.44399999967,3146478320.5865397,5.7816961029435664e-06,-0.00010774525247493022
2021-03-25,0.0,0.0,-451500.0,0.0,0.0,0.0,-193762.80000000002,-645262.8,4737190153.411007,-1.3432813833520161e-05,5.7816961029435664e-06
2021-03-26,0.0,0.0,-46050.0,0.0,0.0,0.0,0.0,-46050.0,3457246568.565284,-1.1441211680646743e-06,-1.3432813833520161e-05
2021-03-29,0.0,-1049000.0,7889.868,0.0,0.0,0.0,0.0,-1041110.132,3917685685.0026293,-1.913142259123723e-05,-1.1441211680646743e-06
2021-03-30,-957000.0,0.0,-1602837.476,0.0,0.0,0.0,-342429.332,-2902266.8079999997,2935656959.745113,-6.901622093434693e-05,-1.913142259123723e-05
2021-03-31,-952000.0,0.0,-221889.2,-83719959.336,0.0,-2020000.0,-65205.600000000006,-86979054.13599999,2734176464.383949,-0.0021696605692535877,-6.901622093434693e-05
2021-04-01,-3868000.0,0.0,-708301.622,-41.3100011587143,0.0,0.0,-167116.0,-4743458.932001159,3896359682.9724436,-0.0001228074474452826,-0.0021696605692535877
2021-04-07,0.0,0.0,0.0,0.0,0.0,0.0,0.0,0.0,3428787416.321721,0.0,-0.0001228074474452826
2021-04-08,-959000.0,0.0,0.0,0.0,0.0,0.0,941.7979999999999,-958058.202,15460936378.614864,-2.9291047675119225e-05,0.0
2021-04-09,-1900000.0,0.0,-1704968.094,0.0,-3138000.0,0.0,-219282.0,-6962250.0940000005,2661497182.703273,-0.00022181871734190667,-2.9291047675119225e-05
2021-04-12,-1880000.0,0.0,-1015794.922,-118200000.0,0.0,0.0,-14632.0,-121110426.922,3803239865.635538,-0.0037053171872670956,-0.00022181871734190667
2021-04-13,0.0,0.0,-40762.0,0.0,0.0,-1992000.0,0.0,-2032762.0,2895444687.068091,-6.237357740578983e-05,-0.0037053171872670956
2021-04-14,0.0,0.0,-4416445.28,0.0,0.0,0.0,-116870.0,-4533315.28,2529361820.552466,-0.0001487333640767122,-6.237357740578983e-05
2021-04-15,0.0,0.0,-85239.50600000001,-59000000.0,0.0,0.0,-45942.5,-59131182.006,2287225345.3600187,-0.0016382021113273977,-0.0001487333640767122
2021-04-16,0.0,0.0,-797224.8180000001,0.0,0.0,0.0,-142032.0,-939256.8180000001,2835273927.7030354,-2.6053683650692578e-05,-0.0016382021113273977
2021-04-19,0.0,0.0,-176778.90000000002,0.0,0.0,0.0,0.0,-176778.90000000002,2782230207.428625,-5.055820550280707e-06,-2.6053683650692578e-05
2021-04-20,0.0,0.0,-836326.7250000001,0.0,0.0,0.0,-371490.373,-1207817.0980000002,5239226182.584255,-3.5537875380176226e-05,-5.055820550280707e-06
2021-04-21,-1878000.0,0.0,-1089885.7820000001,0.0,-1855799.9999999998,0.0,-145596.976,-4969282.757999999,3166402997.105595,-0.0001338327228279551,-3.5537875380176226e-05
2021-04-22,0.0,0.0,-351599.712,0.0,-1243200.0,0.0,-164213.5,-1759013.212,2605636452.736744,-4.997137561717295e-05,-0.0001338327228279551
2021-04-23,0.0,0.0,-963510.4800000001,-2380000.0,-625800.0,0.0,-24583.0,-3993893.48,2759285306.5469265,-0.00010440520957574985,-4.997137561717295e-05
2021-04-26,-2835000.0,-1050000.0,-3595601.0160000003,-118500000.0,0.0,0.0,-97525.20000000001,-126078126.216,2641793900.16987,-0.003228027639206324,-0.00010440520957574985
2021-04-27,-3780000.0,0.0,-139903.2,-2366000.0,0.0,0.0,-16040.000000000002,-6301943.2,2535239869.340612,-0.00020198793372403314,-0.003228027639206324
2021-04-28,-946000.0,0.0,-879834.907,0.0,0.0,0.0,-414794.4,-2240629.307,2352274453.9811907,-6.873388638274358e-05,-0.00020198793372403314
2021-04-29,0.0,0.0,-295926.51,-1188000.0,0.0,0.0,-85088.5,-1569015.01,1930289803.8663855,-5.822383430150037e-05,-6.873388638274358e-05
2021-04-30,0.0,0.0,-1599742.111,0.0,0.0,0.0,-47846.44,-1647588.551,2171278479.0362277,-4.667053834325202e-05,-5.822383430150037e-05
2021-05-06,0.0,0.0,0.0,0.0,0.0,0.0,-172600.062,-172600.062,2728469226.9546523,-4.629568615096453e-06,-4.667053834325202e-05
2021-05-07,0.0,0.0,0.0,0.0,0.0,-4865000.0,0.0,-4865000.0,2413247356.505389,-0.00012992718323969027,-4.629568615096453e-06
2021-05-10,0.0,0.0,-970549.208,0.0,0.0,0.0,44539.056000000004,-926010.152,3166743224.648896,-2.6262206386434124e-05,-0.00012992718323969027
2021-05-11,0.0,0.0,-177306.376,0.0,0.0,0.0,-3576.7000000000003,-180883.076,3877860250.9537616,-4.400175497994825e-06,-2.6262206386434124e-05
2021-05-12,901000.0,0.0,-2943101.0,0.0,0.0,0.0,-84138.52500000001,-2126239.525,3131668171.9887395,-5.975000511899995e-05,-4.400175497994825e-06
2021-05-13,0.0,0.0,-3814.8,0.0,0.0,0.0,-3576.7000000000003,-7391.5,2541773098.032698,-2.564405680590437e-07,-5.975000511899995e-05
2021-05-14,-892000.0,0.0,-3819.2,0.0,0.0,0.0,-197266.42,-1093085.6199999999,2695045163.2400823,-3.486161510137714e-05,-2.564405680590437e-07
2021-05-17,0.0,-1000000.0,-196163.1,0.0,-2976000.0,0.0,-110469.825,-4282632.925,2576332712.8227663,-0.0001424608281343138,-3.486161510137714e-05
2021-05-18,0.0,-1012999.9999999999,-1810326.6,0.0,0.0,0.0,0.0,-2823326.6,1864761439.0706873,-9.724690459947329e-05,-0.0001424608281343138
2021-05-20,0.0,0.0,-5734794.416,0.0,0.0,0.0,-115851.056,-5850645.472,2822783392.7345147,-0.0001418817287228955,-9.724690459947329e-05
2021-05-21,-9120000.0,0.0,0.0,0.0,0.0,0.0,0.0,-9120000.0,3724940901.25305,-0.0002933956423984557,-0.0001418817287228955
2021-05-24,0.0,0.0,-629022.576,0.0,0.0,0.0,-295077.29,-924099.8659999999,1988782404.9408104,-3.180746610097477e-05,-0.0002933956423984557
2021-05-25,-1838000.0,-3074999.9999999995,-5870563.644,0.0,0.0,0.0,-156600.0,-10940163.644000001,3246554983.3641777,-0.00025264799145137065,-3.180746610097477e-05
2021-05-26,-3696000.0,-3098999.9999999995,-68358.454,0.0,0.0,-988000.0,0.0,-7851358.454,2649001270.7013283,-0.00018201337114898597,-0.00025264799145137065
2021-05-27,-1844000.0,0.0,-271971.84,0.0,0.0,-5922000.0,-264999.303,-8302971.143,4327984016.347767,-0.00012752417716544852,-0.00018201337114898597
2021-05-28,0.0,-1030000.0,-626929.875,0.0,0.0,0.0,-230869.893,-1887799.768,2493916091.4030867,-4.2957392267031576e-05,-0.00012752417716544852
2021-05-31,0.0,0.0,-281693.6,0.0,0.0,-1972000.0,-7499.943,-2261193.543,2778245666.7192492,-5.8623304175508414e-05,-4.2957392267031576e-05
2021-06-01,0.0,0.0,-5508367.2,0.0,0.0,0.0,-42315.6,-5550682.8,3148799464.9197845,-0.00016032618143459773,-5.8623304175508414e-05
2021-06-02,0.0,0.0,-316180.32800000004,-139920000.0,0.0,0.0,-41817.0,-140277997.328,2601082279.6323013,-0.004242074798557775,-0.00016032618143459773
2021-06-03,0.0,-2072000.0,-3711079.164,0.0,0.0,-1984000.0,-143054.1,-7910133.2639999995,2420485645.376949,-0.00021222436582123749,-0.004242074798557775
2021-06-04,-18480000.0,0.0,-803350.8,-323120000.0,0.0,-3968000.0,-383140.8,-346754491.6,3861380427.9138155,-0.006753855573315355,-0.00021222436582123749
2021-06-07,0.0,0.0,-74013.366,-229400000.0,0.0,-1970000.0,-16274.089,-231460287.45499998,2990993075.157374,-0.006439800221763618,-0.006753855573315355
2021-06-08,0.0,0.0,-1063693.29,-1143000.0,0.0,980000.0,-54708.0,-1281401.29,1728381485.3088944,-4.7892202655217926e-05,-0.006439800221763618
2021-06-09,0.0,0.0,-329061.034,-114199999.99999999,0.0,-980000.0,-23220.0,-115532281.03399998,1558868872.3012013,-0.0043067843717021085,-4.7892202655217926e-05
2021-06-10,0.0,0.0,-375343.26,-154035000.0,0.0,0.0,-75272.0,-154485615.26,1924539982.8153355,-0.005015314269212766,-0.0043067843717021085
2021-06-11,0.0,0.0,-277128.859,-131789999.99999999,0.0,0.0,-23340.0,-132090468.85899998,2157084615.424154,-0.004294901765829061,-0.005015314269212766
2021-06-15,0.0,0.0,-481408.14,-165445000.0,0.0,0.0,-254006.25,-166180414.39,2118792574.123013,-0.004090842421537303,-0.004294901765829061
2021-06-16,0.0,-1012999.9999999999,-405112.641,-2262000.0,0.0,0.0,-229347.58000000002,-3909460.221,2024716631.870869,-0.00010907709489085223,-0.004090842421537303
2021-06-17,0.0,-1018000.0,-573296.24,0.0,0.0,0.0,-10948.2,-1602244.44,2042516213.3534532,-4.6572901361854025e-05,-0.00010907709489085223
2021-06-18,-3660000.0,0.0,-686684.775,0.0,0.0,-1966000.0,-659283.138,-6971967.913000001,3402367386.9528823,-0.0001239098206809071,-4.6572901361854025e-05
2021-06-21,0.0,0.0,-27134.8,-144526000.0,0.0,-1956000.0,0.0,-146509134.8,2633432117.252096,-0.0041421863644965145,-0.0001239098206809071
2021-06-22,0.0,0.0,-241905.195,0.0,0.0,0.0,0.0,-241905.195,2709882584.574137,-7.885708051071996e-06,-0.0041421863644965145
2021-06-23,0.0,0.0,-213831.132,-36992000.0,0.0,0.0,-112592.22,-37318423.352,2562039518.903822,-0.0009718164885199727,-7.885708051071996e-06
2021-06-24,-22176000.0,0.0,-448788.0,-135135000.0,0.0,0.0,0.0,-157759788.0,1918458450.9017777,-0.005608948495095582,-0.0009718164885199727
2021-06-25,0.0,0.0,-940180.15,-119646000.0,0.0,-2013999.9999999998,-213030.2,-122813210.35000001,3159433907.79167,-0.0029596728191363104,-0.005608948495095582
2021-06-28,-2814000.0,0.0,-1245794.499,-227562000.0,-2476800.0,-3012000.0,-686323.5,-237796917.999,1897099399.610647,-0.00829472669264147,-0.0029596728191363104
2021-06-29,-16686000.0,0.0,-938105.601,-127379999.99999999,0.0,0.0,-245465.30000000002,-145249570.901,2428913901.0525174,-0.00332841998551875,-0.00829472669264147
2021-06-30,0.0,0.0,-644882.004,-1155960.6959988975,0.0,0.0,-421684.804,-2222527.5039988975,2108977550.2299657,-6.031941448656492e-05,-0.00332841998551875
2021-07-02,0.0,0.0,-292123.92,0.0,0.0,0.0,-9920.1,-302044.01999999996,3326851265.0523076,-5.83658459723192e-06,-6.031941448656492e-05
2021-07-05,0.0,0.0,0.0,0.0,-588000.0,0.0,0.0,-588000.0,3901557915.239315,-1.5994320963546885e-05,-5.83658459723192e-06
2021-07-06,0.0,0.0,0.0,0.0,0.0,0.0,0.0,0.0,2414160714.488716,0.0,-1.5994320963546885e-05
2021-07-07,0.0,0.0,0.0,-2206000.0,0.0,0.0,-86070.0,-2292070.0,2705092583.8510265,-6.368106343404299e-05,0.0
2021-07-08,861000.0,0.0,0.0,0.0,0.0,0.0,-16.258,860983.742,4539375042.18444,1.6247185696732245e-05,-6.368106343404299e-05
2021-07-09,8660000.0,0.0,114137.50499999999,0.0,0.0,0.0,190600.729,8964738.234000001,4513525920.603633,0.00018824015647418932,1.6247185696732245e-05
2021-07-12,0.0,0.0,7810.32,0.0,0.0,-11196000.0,8902.494,-11179287.185999999,2997877083.9323297,-0.00029172179478220353,0.00018824015647418932
2021-07-13,0.0,0.0,-50463.714,0.0,0.0,0.0,79.394,-50384.32,3388421752.6645417,-1.307375729939694e-06,-0.00029172179478220353
2021-07-14,0.0,-987000.0,-1077885.8499999999,0.0,-2316000.0,0.0,-93410.109,-4474295.959,2741007353.287528,-0.00011432479889555487,-1.307375729939694e-06
2021-07-15,0.0,0.0,-960516.62,0.0,0.0,0.0,-864890.6680000001,-1825407.2880000002,2929901166.6786227,-4.290996985249814e-05,-0.00011432479889555487
2021-07-16,0.0,0.0,-225606.964,0.0,0.0,0.0,-19796.27,-245403.234,2957386556.4846315,-6.6851599722659065e-06,-4.290996985249814e-05
2021-07-19,0.0,0.0,-743883.8759999999,-2180000.0,-2301600.0,-938000.0,-11016.461,-6174500.337,2935492908.583378,-0.00017583973494003893,-6.6851599722659065e-06
2021-07-20,0.0,0.0,-239597.59999999998,0.0,0.0,0.0,-147400.0,-386997.6,2179114743.2708335,-1.1853814680881275e-05,-0.00017583973494003893
2021-07-21,0.0,0.0,855.7299999999999,0.0,0.0,0.0,0.0,855.7299999999999,2286897634.060063,2.881398496320055e-08,-1.1853814680881275e-05
2021-07-22,0.0,0.0,0.0,0.0,0.0,0.0,0.0,0.0,2009364445.049152,0.0,2.881398496320055e-08
2021-07-23,0.0,0.0,-17305.6,0.0,0.0,0.0,0.0,-17305.6,1958799503.5125868,-7.413205550951916e-07,0.0
2021-07-26,0.0,0.0,-814363.2000000001,0.0,0.0,0.0,-112252.42499999999,-926615.625,6618049901.5145,-1.7607709040044955e-05,-7.413205550951916e-07
2021-07-27,0.0,1798000.0,-357923.52,0.0,0.0,0.0,0.0,1440076.48,8840313142.455862,1.8522550106228392e-05,-1.7607709040044955e-05
2021-07-28,0.0,0.0,-18135.6,0.0,0.0,0.0,-18430.097,-36565.697,7413191281.193147,-5.776913662126246e-07,1.8522550106228392e-05
2021-07-29,0.0,-9260000.0,97575.61200000001,0.0,0.0,2616000.0,110707.68599999999,-6435716.7020000005,6520143105.070403,-0.00010098480109714715,-5.776913662126246e-07
2021-07-30,0.0,-3640000.0,0.0,0.0,0.0,0.0,0.0,-3640000.0,3649519143.7416306,-7.9840629697428e-05,-0.00010098480109714715
2021-08-02,0.0,-2766000.0,-171450.378,0.0,0.0,864000.0,0.0,-2073450.378,2735112409.8622017,-6.375608978304843e-05,-7.9840629697428e-05
2021-08-03,0.0,0.0,-46860.0,0.0,0.0,0.0,-11713.086,-58573.085999999996,5243872412.380471,-1.6396777382393451e-06,-6.375608978304843e-05
2021-08-04,0.0,0.0,-35475.018000000004,0.0,0.0,8730000.0,-34667.254,8659857.728,3320738818.7853513,0.0002544788804524192,-1.6396777382393451e-06
2021-08-05,-806000.0,0.0,-180068.859,0.0,0.0,0.0,0.0,-986068.8589999999,3240074485.541028,-3.346170927839446e-05,0.0002544788804524192
2021-08-06,0.0,0.0,-459710.43,0.0,0.0,0.0,-135590.52,-595300.95,2818701599.302702,-2.321057094054936e-05,-3.346170927839446e-05
2021-08-09,0.0,0.0,-54880.0,0.0,0.0,874000.0,0.0,819120.0,3195078742.0196047,2.3521894110652985e-05,-2.321057094054936e-05
2021-08-10,-825000.0,1890000.0,-79371.37000000001,-2068000.0,0.0,0.0,-18330.0,-1100701.37,3430730965.052402,-3.1973353488335954e-05,2.3521894110652985e-05
2021-08-11,-1658000.0,0.0,-13139.2,0.0,0.0,-897000.0,-20078.8,-2588218.0,2418392897.676826,-6.419018507168287e-05,-3.1973353488335954e-05
2021-08-12,-822000.0,0.0,-534413.088,0.0,0.0,0.0,-77802.416,-1434215.504,2079503123.9038806,-4.826252279755235e-05,-6.419018507168287e-05
2021-08-13,-813000.0,0.0,-1119724.0,0.0,0.0,0.0,-102556.28499999999,-2035280.285,2340681157.7798324,-7.836534110135227e-05,-4.826252279755235e-05
2021-08-16,0.0,0.0,-331046.675,0.0,0.0,0.0,0.0,-331046.675,2549722755.083418,-1.039495883084731e-05,-7.836534110135227e-05
2021-08-17,0.0,0.0,-169564.6,0.0,0.0,0.0,0.0,-169564.6,3364118907.4537716,-4.131944900026449e-06,-1.039495883084731e-05
2021-08-18,0.0,0.0,-251341.824,0.0,0.0,0.0,0.0,-251341.824,2357276232.8593593,-7.888185113013832e-06,-4.131944900026449e-06
2021-08-19,0.0,0.0,974.047,0.0,0.0,-846000.0,914.5920000000001,-844111.361,3610342034.8883867,-2.1698279991706152e-05,-7.888185113013832e-06
2021-08-20,0.0,0.0,-33264.606999999996,0.0,0.0,0.0,-246423.54200000002,-279688.14900000003,4058101113.287248,-6.39198414150246e-06,-2.1698279991706152e-05
2021-08-23,0.0,0.0,2929.9139999999998,0.0,0.0,0.0,0.0,2929.9139999999998,3723939198.522139,7.500687552902246e-08,-6.39198414150246e-06
2021-08-24,0.0,0.0,9507.94,0.0,0.0,0.0,78957.98400000001,88465.92400000001,4078774004.6783676,2.2407162481871253e-06,7.500687552902246e-08
2021-08-25,0.0,0.0,0.0,0.0,0.0,0.0,5028.756,5028.756,3778602959.8431673,1.5473004618326338e-07,2.2407162481871253e-06
2021-08-26,0.0,0.0,-116763.227,0.0,0.0,0.0,-13159.6,-129922.827,2341619632.0465407,-4.2985952315051975e-06,1.5473004618326338e-07
2021-08-27,0.0,0.0,-18612.49,0.0,0.0,0.0,0.0,-18612.49,2667396455.591793,-6.662843055371891e-07,-4.2985952315051975e-06
2021-08-30,0.0,0.0,13374.786,0.0,0.0,0.0,2948.952,16323.738000000001,2269587938.0223584,4.626426438267754e-07,-6.662843055371891e-07
2021-08-31,0.0,0.0,0.0,0.0,0.0,0.0,0.0,0.0,5138578760.036474,0.0,4.626426438267754e-07
2021-09-01,0.0,0.0,-23612.904000000002,18180000.0,0.0,0.0,0.0,18156387.096,3856155946.104294,0.00044050383783855566,0.0
2021-09-02,-1622000.0,0.0,-589451.796,0.0,0.0,0.0,-18802.541999999998,-2230254.338,3748619469.974871,-5.870424793670902e-05,0.00044050383783855566
2021-09-03,-5649000.0,0.0,-624905.16,0.0,0.0,0.0,-165193.951,-6439099.1110000005,3614168969.8934636,-0.00013772881371161374,-5.870424793670902e-05
2021-09-06,-1626000.0,0.0,-207920.595,-2033999.9999999998,0.0,0.0,-32329.647999999997,-3900250.243,2815517800.2095933,-0.0001065117693605269,-0.00013772881371161374
2021-09-07,-1648000.0,0.0,-97665.88,0.0,0.0,0.0,-5092.215,-1750758.095,2996142662.4339223,-4.790318906561993e-05,-0.0001065117693605269
2021-09-08,-2466000.0,0.0,-236374.32,0.0,0.0,0.0,19398.582,-2682975.738,3218200592.915147,-7.198283787836537e-05,-4.790318906561993e-05
2021-09-09,-1604000.0,0.0,-546171.171,0.0,0.0,0.0,0.0,-2150171.171,3934014937.9479866,-5.8842637623267164e-05,-7.198283787836537e-05
2021-09-10,0.0,0.0,-284658.867,0.0,0.0,0.0,0.0,-284658.867,2913662040.646027,-7.462201531389659e-06,-5.8842637623267164e-05
2021-09-13,-1600000.0,0.0,6163.129,0.0,0.0,0.0,2957.712,-1590879.159,2649192177.604023,-4.71642229288198e-05,-7.462201531389659e-06
2021-09-14,-788000.0,-1832000.0,-26600.0,0.0,0.0,0.0,-78173.40000000001,-2724773.4,2229619708.5330153,-7.147113509061736e-05,-4.71642229288198e-05
2021-09-15,-1558000.0,0.0,0.0,0.0,0.0,0.0,0.0,-1558000.0,2782620684.8363276,-4.2420460811560694e-05,-7.147113509061736e-05
2021-09-16,0.0,0.0,0.0,0.0,0.0,0.0,6722.610000000001,6722.610000000001,2377282853.56105,1.751012909109896e-07,-4.2420460811560694e-05
2021-09-17,-777000.0,0.0,0.0,0.0,0.0,0.0,42255.117000000006,-734744.883,2981603074.4756336,-1.538999286065731e-05,1.751012909109896e-07
2021-09-23,0.0,0.0,0.0,189288000.0,0.0,0.0,0.0,189288000.0,2885668855.792656,0.004004935318900751,-1.538999286065731e-05
2021-09-24,3020000.0,885000.0,0.0,66220000.0,0.0,0.0,0.0,70125000.0,2295451892.8381467,0.0019881035870360116,0.004004935318900751
2021-09-27,4518000.0,0.0,4836.104,105392000.0,0.0,0.0,116255.37000000001,110031091.474,2485933370.6804023,0.0029850447788098487,0.0019881035870360116
2021-09-28,766000.0,0.0,0.0,5748000.0,0.0,0.0,110287.30500000001,6624287.305,2580708085.127525,0.00016698315101637854,0.0029850447788098487
2021-09-29,0.0,0.0,-3675.0,19160000.0,0.0,0.0,272654.885,19428979.885,1966003228.4530668,0.0005592730135366969,0.00016698315101637854
2021-09-30,0.0,0.0,-7340.0,32.504000911712644,0.0,0.0,0.0,-7307.495999088287,1931160117.8450623,-2.634688388550492e-07,0.0005592730135366969
2021-10-08,0.0,0.0,0.0,19099967.52999909,0.0,0.0,0.0,19099967.52999909,3382445896.091874,0.0004389658352565559,-2.634688388550492e-07
2021-10-11,0.0,0.0,0.0,0.0,0.0,0.0,-3060.7760000000003,-3060.7760000000003,4508301920.898017,-7.274117559316488e-08,0.0004389658352565559
2021-10-12,0.0,0.0,-76511.5,28950000.0,0.0,-1694000.0,178324.58000000002,27357813.08,2723440090.8526263,0.0007977733344149368,-7.274117559316488e-08
2021-10-15,0.0,0.0,1419.3,0.0,0.0,0.0,9394.272,10813.572,3815301629.041255,2.5081683931537677e-07,0.0007977733344149368
2021-10-18,0.0,0.0,0.0,0.0,0.0,0.0,0.0,0.0,2270049605.136897,0.0,2.5081683931537677e-07
2021-10-19,0.0,0.0,-122537.22,0.0,0.0,0.0,-6436.700000000001,-128973.92,2165292522.976617,-4.036781141753644e-06,0.0
2021-10-20,0.0,0.0,-29799.2,0.0,0.0,-6118000.0,0.0,-6147799.2,4303214711.935459,-0.00017808844096841951,-4.036781141753644e-06
2021-10-21,0.0,0.0,-1477192.824,0.0,0.0,0.0,-614894.0800000001,-2092086.904,2960464247.7915163,-5.285147185893897e-05,-0.00017808844096841951
2021-10-22,-1612000.0,0.0,-1004468.4,0.0,0.0,0.0,-464537.6,-3081006.0,2021122409.7316785,-9.285674506603356e-05,-5.285147185893897e-05
2021-10-25,-4812000.0,0.0,-90597.7,0.0,0.0,0.0,-78547.0,-4981144.7,1902311981.2750733,-0.00018178977824551498,-9.285674506603356e-05
2021-10-26,0.0,0.0,-311845.38,0.0,0.0,-871000.0,-6596.000000000001,-1189441.38,2061574999.8221369,-3.8740201656868096e-05,-0.00018178977824551498
2021-10-27,-1564000.0,0.0,-117111.0,0.0,0.0,-856000.0,-46025.200000000004,-2583136.2,2288899538.577412,-8.30944006264245e-05,-3.8740201656868096e-05
2021-10-28,0.0,0.0,-129890.955,0.0,0.0,0.0,0.0,-129890.955,2229091121.6506557,-3.883224382784056e-06,-8.30944006264245e-05
2021-10-29,-1546000.0,-895000.0,-12283.6,0.0,0.0,0.0,0.0,-2453283.6,2181863275.5089674,-6.571072619436784e-05,-3.883224382784056e-06
2021-11-01,-769000.0,0.0,-63089.966,0.0,0.0,0.0,0.0,-832089.966,2150706843.982284,-2.838644167097516e-05,-6.571072619436784e-05
2021-11-02,-2298000.0,0.0,0.0,0.0,0.0,0.0,-13.839,-2298013.839,2898142189.973482,-6.159620283401899e-05,-2.838644167097516e-05
2021-11-03,0.0,884000.0,-128026.577,0.0,0.0,0.0,0.0,755973.423,2022298178.5973623,2.7117672968220702e-05,-6.159620283401899e-05
2021-11-04,-2301000.0,0.0,-85744.494,0.0,0.0,0.0,1316.0,-2385428.494,2124553183.8469343,-7.588601820081389e-05,2.7117672968220702e-05
2021-11-05,0.0,0.0,-7410.0,0.0,0.0,0.0,501.618,-6908.382,2214698237.721402,-2.0795917585659446e-07,-7.588601820081389e-05
2021-11-08,0.0,0.0,-88560.0,0.0,501000.0,0.0,-38527.0,373913.0,2150340181.1988163,1.211535147284019e-05,-2.0795917585659446e-07
2021-11-09,0.0,0.0,-7350.0,0.0,0.0,0.0,0.0,-7350.0,1473658752.238646,-3.283167714013884e-07,1.211535147284019e-05
2021-11-10,0.0,0.0,-7350.0,0.0,0.0,0.0,0.0,-7350.0,2446638567.5938716,-2.3689544358402932e-07,-3.283167714013884e-07
2021-11-11,0.0,0.0,-80135.244,-2931000.0,0.0,0.0,0.0,-3011135.244,2861218752.379103,-8.303174245630992e-05,-2.3689544358402932e-07
2021-11-12,-7038000.0,0.0,-116668.36,-979000.0,0.0,0.0,0.0,-8133668.36,2543748932.6225085,-0.00026292981185498424,-8.303174245630992e-05
2021-11-15,0.0,0.0,-372394.788,-975000.0,0.0,-855000.0,-49024.5,-2251419.2879999997,1898517671.1397138,-9.481262636564385e-05,-0.00026292981185498424
2021-11-16,0.0,0.0,-589593.667,-3952000.0,0.0,0.0,-15727.500000000002,-4557321.167,2613315383.4001727,-0.00014536264387583303,-9.481262636564385e-05
2021-11-17,-790000.0,1640000.0,-303588.864,0.0,0.0,0.0,-12154.242,534256.894,1946655338.9807363,2.1627932545820707e-05,-0.00014536264387583303
2021-11-18,-775000.0,0.0,-455793.0,0.0,0.0,0.0,-222502.80000000002,-1453295.8,2234045215.490191,-5.340271734785674e-05,2.1627932545820707e-05
2021-11-19,0.0,0.0,-128508.644,0.0,0.0,-853000.0,-216547.80000000002,-1198056.444,2826803552.7350783,-4.081342480142451e-05,-5.340271734785674e-05
2021-11-22,0.0,0.0,-152955.364,0.0,0.0,0.0,0.0,-152955.364,2224842979.948342,-5.6208082589553275e-06,-4.081342480142451e-05
2021-11-23,-762000.0,0.0,-126984.0,0.0,0.0,0.0,-16325.0,-905309.0,2202973146.6008425,-3.10353837728067e-05,-5.6208082589553275e-06
2021-11-24,0.0,2397000.0,-50172.0,0.0,0.0,-2529000.0,0.0,-182172.0,2867057230.9523315,-7.263440203037208e-06,-3.10353837728067e-05
2021-11-25,759000.0,0.0,0.0,0.0,-501600.0,0.0,0.0,257400.0,1734735284.3597639,1.2470376566957483e-05,-7.263440203037208e-06
2021-11-26,0.0,0.0,0.0,9320000.0,0.0,0.0,0.0,9320000.0,2762243757.985742,0.0003020019505636097,1.2470376566957483e-05
2021-11-29,1466000.0,2331000.0,0.0,91900000.0,0.0,0.0,0.0,95697000.0,2865119765.7830777,0.0030223007293597457,0.0003020019505636097
2021-11-30,3585000.0,1520000.0,35553.935999999994,90100000.0,0.0,10296000.0,667103.708,106203657.64400001,3886207795.051502,0.0018361431295225571,0.0030223007293597457
2021-12-01,9464000.0,3064000.0,31380.287999999997,33744000.0,963600.0,2421000.0,510505.0,50198485.288,2413058793.4318786,0.0013951207110287614,0.0018361431295225571
2021-12-02,0.0,0.0,93601.43999999999,0.0,0.0,3248000.0,512465.625,3854067.065,2367998219.948136,0.00010486467208619216,0.0013951207110287614
2021-12-03,0.0,0.0,0.0,64752000.0,0.0,810000.0,58611.754,65620611.754,3256036519.266474,0.0013583684753332229,0.00010486467208619216
2021-12-06,3560000.0,0.0,143.03699999999998,156450000.0,0.0,796000.0,59838.24,160865981.277,3609955396.1398225,0.0036279254125410236,0.0013583684753332229
2021-12-07,0.0,0.0,19801.888,0.0,0.0,2433000.0,68.97,2452870.858,3048781546.215853,6.168709064670231e-05,0.0036279254125410236
2021-12-08,2190000.0,0.0,121154.4,917000.0,0.0,1221000.0,496334.465,4945488.865,2128873168.2690647,0.00015355254227969426,6.168709064670231e-05
2021-12-09,0.0,0.0,-16874.0,0.0,0.0,0.0,6008.418,-10865.582,1879316316.3198924,-3.001992818333733e-07,0.00015355254227969426
2021-12-10,0.0,-782000.0,-55143.687999999995,0.0,0.0,0.0,209853.07200000001,-627290.6159999999,1943438127.8157988,-2.274718262316887e-05,-3.001992818333733e-07
2021-12-13,0.0,0.0,-42352.2,0.0,0.0,0.0,0.0,-42352.2,2349234216.122911,-1.3142003141277994e-06,-2.274718262316887e-05
2021-12-14,0.0,0.0,0.0,20861000.0,0.0,0.0,0.0,20861000.0,1768522820.7168787,0.0006734584671623678,-1.3142003141277994e-06
2021-12-15,717000.0,761000.0,-19251.5,97991000.0,474000.0,0.0,0.0,99923748.5,1678350653.3224175,0.0036167136817603167,0.0006734584671623678
2021-12-16,714000.0,0.0,3127.1479999999997,156450000.0,0.0,0.0,129071.154,157296198.30200002,2109702000.9903557,0.005472237037179384,0.0036167136817603167
2021-12-17,3530000.0,0.0,40086.41,34632000.0,936000.0,0.0,57670.596,39195757.006,2693585282.821088,0.001003837029491735,0.005472237037179384
2021-12-20,0.0,0.0,274443.343,127890000.0,1838400.0,2702000.0,713354.348,133418197.691,1945132773.601378,0.004754551349622916,0.001003837029491735
2021-12-21,10515000.0,748000.0,119540.46,10584000.0,1391400.0,6272000.0,785923.4349999999,30415863.895,1989374674.847324,0.0010250122998123473,0.004754551349622916
2021-12-22,0.0,0.0,34007.802,0.0,465000.0,1570000.0,768968.238,2837976.04,1658857917.818065,0.0001224950445185067,0.0010250122998123473
2021-12-23,2118000.0,0.0,32827.613000000005,0.0,0.0,0.0,239248.08599999998,2390075.699,2434803247.250543,0.00010153595430350529,0.0001224950445185067
2021-12-24,704000.0,0.0,-6676.2660000000005,8860000.0,0.0,1582000.0,274306.335,11413630.069,890877941.7751381,0.0010827115338143333,0.00010153595430350529
2021-12-28,0.0,0.0,-61200.00000000001,884000.0,0.0,0.0,0.0,822800.0,1761501152.6533694,3.3989317307873034e-05,0.0010827115338143333
2021-12-29,695000.0,1482000.0,0.0,34920000.0,0.0,0.0,201.93599999999998,37097201.936,1036264045.4188601,0.0028611984572266295,3.3989317307873034e-05
2021-12-30,2087999.9999999998,0.0,0.0,61320000.0,0.0,0.0,0.0,63408000.0,1004812423.9988927,0.0036610073103046084,0.0028611984572266295
2021-12-31,708000.0,0.0,0.0,30.32800085067749,0.0,0.0,112535.89199999999,820566.2200008506,1121733550.3260636,6.791455329476652e-05,0.0036610073103046084
2022-01-04,702000.0,0.0,0.0,10607969.943999156,0.0,0.0,0.0,11309969.943999156,1568714260.8678448,0.0003872214694596686,6.791455329476652e-05
2022-01-05,0.0,741000.0,0.0,147199000.0,0.0,770000.0,0.0,148710000.0,3271357106.2732186,0.0034578186659318714,0.0003872214694596686
2022-01-06,0.0,0.0,-6610.0,209709000.0,909600.0,3420000.0,0.0,214031990.0,2320922967.999711,0.006615053947080717,0.0034578186659318714
2022-01-07,3515000.0,744000.0,166101.784,2661000.0,0.0,1562000.0,223498.495,8871600.279,2592076166.0173306,0.00021704502811471712,0.006615053947080717
2022-01-10,0.0,0.0,110031.98300000001,12600000.0,0.0,0.0,219400.77599999998,12929432.759,2332164337.900606,0.00031267460027799694,0.00021704502811471712
2022-01-11,3555000.0,0.0,-3264.0000000000005,13485000.0,0.0,0.0,65529.138999999996,17102265.139,2020771283.6418774,0.0004547048265984681,0.00031267460027799694
2022-01-12,0.0,-770000.0,-934841.2019999999,0.0,0.0,0.0,178654.245,-1526186.957,3070631653.062136,-3.6459083179423565e-05,0.0004547048265984681
2022-01-13,-731000.0,0.0,-337470.20999999996,0.0,0.0,0.0,0.0,-1068470.21,2153210275.966003,-3.057231671505074e-05,-3.6459083179423565e-05
2022-01-14,0.0,-1540000.0,-682373.24,0.0,0.0,0.0,-103386.192,-2325759.432,1884115860.3462226,-7.541943336634744e-05,-3.057231671505074e-05
2022-01-17,0.0,0.0,-2142926.78,0.0,0.0,0.0,-265503.287,-2408430.067,1471640157.8993318,-0.00010337524038180159,-7.541943336634744e-05
2022-01-18,0.0,0.0,-1450084.23,4550000.0,0.0,0.0,-239044.477,2860871.293,1890074392.9832819,0.00011032027619431899,-0.00010337524038180159
2022-01-19,0.0,0.0,-377493.904,108840000.00000086,0.0,0.0,0.0,108462506.09600087,1800907313.4339297,0.003992043168958289,0.00011032027619431899
2022-01-20,-742000.0,0.0,-244807.77399999998,0.0,0.0,0.0,0.0,-986807.774,3415078499.012867,-2.2070446048441256e-05,0.003992043168958289
2022-01-21,-744000.0,0.0,-320154.11199999996,73476000.0,-493200.0,0.0,6.38,71918652.26799999,2985387010.0391483,0.0018432856716128084,-2.2070446048441256e-05
2022-01-24,0.0,0.0,-1019356.242,221578000.0,0.0,0.0,-534038.679,220024605.079,2199515158.345159,0.006621607308512469,0.0018432856716128084
2022-01-25,-2884000.0,0.0,-1362636.46,18220000.0,0.0,0.0,-116735.58,13856627.959999999,2584120914.3327703,0.000357936339217814,0.006621607308512469
2022-01-26,-1444000.0,5439000.0,-142758.908,127820000.0,0.0,21164000.0,-36822.4,152799418.692,2293989686.421713,0.0044705667436802515,0.000357936339217814
2022-01-27,0.0,2298000.0,-29201.050000000003,225298000.0,0.0,0.0,0.0,227566798.95,2566882988.0751576,0.007136162838312284,0.0044705667436802515
2022-01-28,0.0,0.0,-70732.3,0.0,463800.0,0.0,-51.595,393016.10500000004,1936141800.418032,1.409010762042952e-05,0.007136162838312284
2022-02-07,-1458000.0,0.0,0.0,6447000.0,0.0,0.0,-25017.3,4963982.7,2224727216.154657,0.00013035188101957014,1.409010762042952e-05
2022-02-08,0.0,2349000.0,0.0,0.0,0.0,-820000.0,19285.808,1548285.808,2053699116.4450114,4.6810866001132954e-05,0.00013035188101957014
2022-02-09,-743000.0,0.0,-674523.248,0.0,0.0,4185000.0,-181885.158,2585591.594,2606382544.348757,6.489158131633455e-05,4.6810866001132954e-05
2022-02-10,-2232000.0,796000.0,-12734.088,0.0,0.0,0.0,0.0,-1448734.088,2106212946.1271396,-4.0933055044229506e-05,6.489158131633455e-05
2022-02-11,0.0,0.0,-288037.76399999997,6587000.0,0.0,-419000.0,-328524.469,5551437.767,2056233832.7834563,0.00013752466168587353,-4.0933055044229506e-05
2022-02-14,-2936000.0,0.0,-343770.0,55680000.0,0.0,14008000.0,-6290.0,66401940.0,1659605445.2890556,0.0022508297236155457,0.00013752466168587353
2022-02-15,0.0,0.0,-861647.2599999999,136335000.0,0.0,2436000.0,-177491.184,137731861.55600002,1731234469.7482011,0.004286229441274343,0.0022508297236155457
2022-02-16,0.0,0.0,-112480.0,0.0,0.0,6157500.0,-19056.2,6025963.8,1496206524.7882187,0.00022132590899276273,0.004286229441274343
2022-02-17,-2205000.0,1578000.0,-60.458,0.0,0.0,8209999.999999999,-71253.0,7511686.541999999,1479412659.3083355,0.0002818484001439553,0.00022132590899276273
2022-02-18,-733000.0,0.0,-347698.103,4615000.0,0.0,409500.0,-17993.456,3925808.441,2906530540.7198052,0.00013073674508929712,0.0002818484001439553
2022-02-21,0.0,0.0,-312282.95999999996,4535000.0,0.0,5213000.0,-10213.5,9425503.54,3496293370.0155077,0.00031761421523402664,0.00013073674508929712
2022-02-22,-1404000.0,760000.0,-63872.824,183664000.0,0.0,4306500.0,0.0,187262627.176,2802514789.3357897,0.005475936680840801,0.00031761421523402664
2022-02-23,-708000.0,0.0,-521878.2,22275000.0,0.0,3144000.0,-295673.287,23893448.513,1967890507.8046362,0.0009708488596182016,0.005475936680840801
2022-02-24,0.0,0.0,9344.064,290831000.0,0.0,5327000.0,962.28,296168306.344,3028555227.201532,0.006570126665025157,0.0009708488596182016
2022-02-25,0.0,1468000.0,4725.5,194940000.0,0.0,6426000.0,11.248,202838736.748,2237339099.3914595,0.005678528908626614,0.006570126665025157
2022-02-28,677000.0,2190000.0,56484.394,59640000.0,0.0,752000.0,292156.746,63607641.14,2589849479.9382687,0.0014216808269964373,0.005678528908626614
2022-03-01,687000.0,0.0,0.0,8650000.0,0.0,6494000.0,97404.128,15928404.128,1810857252.5776463,0.0005404829732279314,0.0014216808269964373
2022-03-02,673000.0,0.0,29136.585,84600000.0,0.0,748000.0,165653.28,86215789.865,1786537406.749689,0.0028701579132253793,0.0005404829732279314
2022-03-03,671000.0,0.0,7699.84,216908000.0,0.0,7450000.0,147465.353,225184165.193,1748338241.8831568,0.008472517866179065,0.0028701579132253793
2022-03-04,3924000.0,712000.0,122301.504,151432000.0,0.0,4732000.0,228726.216,161151027.72,3177730095.446583,0.004433706202805905,0.008472517866179065
2022-03-07,5064000.0,684000.0,30724.806,167370000.0,0.0,2816000.0,744327.2880000001,176709052.09399998,3508762537.191511,0.0037067403884823323,0.004433706202805905
2022-03-08,8021000.0,2010000.0000000002,936.92,165636000.0,0.0,-2383500.0,560432.532,173844869.452,2988164833.110432,0.0035605267943552153,0.0037067403884823323
2022-03-09,608000.0,0.0,151948.97999999998,265872000.0,0.0,7056000.0,525824.4130000001,274213773.393,3090639030.2967277,0.005251524674154936,0.0035605267943552153
2022-03-10,6120000.0,1326000.0,149358.66,67077000.0,0.0,8475000.0,1215167.4810000001,84362526.141,2390579710.31787,0.0021744969835466176,0.005251524674154936
2022-03-11,2995000.0,0.0,35608.130999999994,236315000.0,0.0,2001000.0,616596.84,241963204.97100002,3731014493.2099285,0.00529953958912374,0.0021744969835466176
2022-03-14,5639999.999999999,1250000.0,27349.38,174440000.0,0.0,-8834000.0,392351.102,172915700.482,4525263671.684321,0.0030027523859004627,0.00529953958912374
2022-03-15,13075000.0,1178000.0,105191.695,329500000.0,0.0,-1172000.0,280362.64,342966554.335,6260792322.078232,0.004311778601405752,0.0030027523859004627
2022-03-16,6899999.999999999,3165000.0,544744.701,57275000.0,0.0,7740000.0,1029092.68,76653837.38100001,7176364866.656044,0.0009434930649859608,0.004311778601405752
2022-03-17,620000.0,671000.0,224279.78,0.0,0.0,35568000.0,763406.934,37846686.714,6579066643.071419,0.00047106198387341855,0.0009434930649859608
2022-03-18,-628000.0,-673000.0,1085.238,0.0,-1658399.9999999998,9048000.0,544494.736,6634179.973999999,3984251034.512811,9.233172741100205e-05,0.00047106198387341855
2022-03-21,617000.0,0.0,-13724.288999999999,0.0,0.0,-13660000.000000002,542170.265,-12514554.024000002,2963986365.050478,-0.0003184430724948267,9.233172741100205e-05
2022-03-22,-631000.0,-674000.0,-252830.712,-7940000.0,0.0,2780000.0,-137994.0,-6855824.711999999,2891412356.7555003,-0.0001832747821512702,-0.0003184430724948267
2022-03-23,-650000.0,0.0,-292989.237,-43354000.0,0.0,4278000.0,-387499.35900000005,-40406488.596,4097676221.9157143,-0.0009053633601730423,-0.0001832747821512702
2022-03-24,-2564000.0,-687000.0,-106468.09599999999,-48480000.0,0.0,-1752500.0,-696679.2000000001,-54286647.296000004,3151157893.0832634,-0.0015189859265094148,-0.0009053633601730423
2022-03-25,-5553000.0,0.0,-20580.0,-77700000.0,0.0,-13500000.0,-53351.805,-96826931.805,2929762754.8812876,-0.002509476933329813,-0.0015189859265094148
2022-03-28,-626000.0,2013000.0000000002,-357745.6,-47160000.0,0.0,-13640000.000000002,-277873.83,-60048619.43,2592272981.0968533,-0.0020549824189184727,-0.002509476933329813
2022-03-29,-1270000.0,0.0,-80487.4,-4000000.0,0.0,-693000.0,-361376.40800000005,-6404863.808,2275593732.022026,-0.00022929993297403175,-0.0020549824189184727
2022-03-30,-647000.0,-689000.0,-38006.6,-32639999.999999996,0.0,0.0,-21762.000000000004,-34035768.599999994,2779063072.2212176,-0.000806948751953928,-0.00022929993297403175
2022-03-31,-1272000.0,0.0,-336661.93,-39999972.800000004,-1684800.0,-13919999.999999998,-208654.58700000003,-57422089.317,1632478874.944686,-0.0017769154725565707,-0.000806948751953928
2022-04-01,-636000.0,0.0,-256868.35199999998,-27.200000000000003,0.0,0.0,-484602.30000000005,-1377497.852,1637830087.8026674,-4.7766549538390795e-05,-0.0017769154725565707
2022-04-06,-1300000.0,0.0,30.8,-32719999.999999996,0.0,0.0,-94126.57,-34114095.769999996,2216394456.817582,-0.0008654791754767309,-4.7766549538390795e-05
2022-04-07,-636000.0,0.0,0.0,0.0,0.0,-11216000.0,-79895.0,-11931895.0,1900536934.6583493,-0.00040813568433072713,-0.0008654791754767309
2022-04-08,-1264000.0,-683000.0,-484860.0,-121788000.0,0.0,-2796000.0,-270730.53900000005,-127286590.539,1785194761.3596866,-0.004671576658670515,-0.00040813568433072713
2022-04-11,-1222000.0,0.0,-78242.0,0.0,0.0,-5400000.0,12.72,-6700229.28,2033302334.5744948,-0.00021195124801697544,-0.004671576658670515
2022-04-12,0.0,0.0,-8820.0,0.0,0.0,-4092000.0000000005,28874.982,-4071945.0180000006,2299251914.2839365,-0.00013080862340051914,-0.00021195124801697544
2022-04-13,-1238000.0,0.0,-268321.452,-6232000.0,0.0,0.0,-432889.864,-8171211.316,1714589145.862014,-0.0003154172732622622,-0.00013080862340051914
2022-04-14,-2504000.0,0.0,-14750.0,0.0,0.0,-2776000.0,-36.247,-5294786.247,1748936121.1820233,-0.0001914186668920726,-0.0003154172732622622
2022-04-19,0.0,0.0,0.0,-38350000.0,0.0,0.0,0.0,-38350000.0,1991057955.9962025,-0.0011341926142272951,-0.0001914186668920726
2022-04-20,-606000.0,0.0,0.0,0.0,0.0,0.0,0.0,-606000.0,1403878320.7516007,-2.234910714190849e-05,-0.0011341926142272951
2022-04-21,0.0,0.0,0.0,7520000.0,0.0,0.0,0.0,7520000.0,2200448638.0897894,0.00023665828265231602,-2.234910714190849e-05
2022-04-22,0.0,0.0,0.0,15100000.0,0.0,997500.0,0.0,16097500.0,2032265515.1117592,0.0005403332210292819,0.00023665828265231602
2022-04-25,0.0,0.0,-3190.0000000000005,16882000.0,0.0,1620000.0,76883.725,18575693.725,2383725724.9335594,0.0004654934227963966,0.0005403332210292819
2022-04-26,0.0,0.0,0.0,11145000.0,0.0,0.0,7992.320000000001,11152992.32,2248395789.121496,0.00031932414304667624,0.0004654934227963966
2022-04-27,0.0,0.0,73311.17300000001,11235000.0,-782400.0,0.0,23677.125,10549588.298,2235573607.2763143,0.00033137819524102014,0.00031932414304667624
2022-04-28,0.0,-1298000.0,-160127.25,0.0,0.0,0.0,135606.401,-1322520.849,1851583315.7029886,-3.988446012605383e-05,0.00033137819524102014
2022-04-29,0.0,0.0,-2985.0,23940000.0,0.0,0.0,5576.118,23942591.118,4460321682.0258465,0.0005910109914005989,-3.988446012605383e-05
2022-05-05,0.0,0.0,0.0,0.0,0.0,0.0,0.0,0.0,2059964523.8599434,0.0,0.0005910109914005989
2022-05-06,1815000.0,-1959000.0,0.0,83820000.0,0.0,0.0,-670498.348,83005501.652,2252122420.1519775,0.002549837972484745,0.0
2022-05-10,0.0,0.0,28138.320000000003,0.0,0.0,0.0,31632.864,59771.18400000001,2742118131.067441,1.619679956183913e-06,0.002549837972484745
2022-05-11,0.0,-1974000.0,0.0,0.0,0.0,0.0,0.0,-1974000.0,2536589568.596142,-6.852511573268584e-05,1.619679956183913e-06
2022-05-12,0.0,3265000.0,-78588.24600000001,0.0,0.0,669000.0,167076.305,4022488.0590000004,2477790003.750752,0.00011715935341209173,-6.852511573268584e-05
2022-05-13,0.0,-664000.0,0.0,11580000.0,0.0,0.0,-100700.0,10815300.0,2252995118.826754,0.00034911730153575093,0.00011715935341209173
2022-05-16,0.0,-670000.0,-11500.0,0.0,0.0,0.0,61677.694,-619822.306,1731883014.929353,-2.6775207369092303e-05,0.00034911730153575093
2022-05-17,0.0,-1378000.0,-151572.33,0.0,0.0,0.0,-82364.40000000001,-1611936.73,2889974418.202016,-4.816288198285375e-05,-2.6775207369092303e-05
2022-05-18,0.0,-685000.0,-120018.59999999999,0.0,0.0,0.0,-10960.0,-815978.6,2393850800.8613715,-2.741276719979896e-05,-4.816288198285375e-05
2022-05-19,-1242000.0,0.0,-325318.5,0.0,0.0,-1046999.9999999999,-466698.32200000004,-3081016.822,3200202194.5924788,-9.396090841054042e-05,-2.741276719979896e-05
2022-05-20,0.0,0.0,-473260.915,0.0,0.0,0.0,-42970.4,-516231.315,2253558074.5444345,-1.4963390081783356e-05,-9.396090841054042e-05
2022-05-23,0.0,0.0,0.0,0.0,0.0,0.0,2963.0570000000002,2963.0570000000002,1873047629.0910656,1.1817251717648989e-07,-1.4963390081783356e-05
2022-05-24,0.0,-667000.0,-251833.9,0.0,0.0,0.0,-246970.755,-1165804.655,2045861619.464573,-4.557122032389623e-05,1.1817251717648989e-07
2022-05-25,0.0,0.0,-168755.34,27090000.0,0.0,0.0,-37240.0,26884004.66,1907156623.061676,0.0009110458512490131,-4.557122032389623e-05
2022-05-26,0.0,0.0,0.0,13932000.0,0.0,0.0,35594.806000000004,13967594.806,1635019479.400086,0.000573723462201894,0.0009110458512490131
2022-05-27,0.0,0.0,0.0,0.0,0.0,0.0,0.0,0.0,2496997905.1231318,0.0,0.000573723462201894
2022-05-30,-6400000.0,0.0,140564.73,0.0,0.0,9639000.0,118082.32900000001,3497647.0590000004,2685607025.1679664,8.539284257640338e-05,0.0
2022-05-31,0.0,-1404000.0,0.0,0.0,0.0,-727000.0,-12943.585,-2143943.585,5055569373.677069,-3.452771524479788e-05,8.539284257640338e-05
2022-06-01,-11754000.0,-709000.0,-885555.42,-1650000.0,0.0,-4380000.0,-280442.796,-19658998.216000002,2285485825.7994323,-0.0006107472176428414,-3.452771524479788e-05
2022-06-02,-1292000.0,701000.0,-140004.792,0.0,0.0,-14400000.0,-94039.12000000001,-15225043.911999999,1765990243.1022582,-0.0005871985207550401,-0.0006107472176428414
2022-06-06,0.0,-715000.0,-71530.0,-34692000.0,0.0,-366500.0,0.0,-35845030.0,3007652545.2916675,-0.000988475542843271,-0.0005871985207550401
2022-06-07,0.0,-1434000.0,-380888.434,-166800000.0,-439200.0,-10332000.0,-54797.49999999999,-179440885.934,2980681101.5837336,-0.005303266544955384,-0.000988475542843271
2022-06-08,-679000.0,1460000.0,-506553.408,-77130000.0,0.0,-754000.0,-167185.8,-77776739.208,4678112846.02839,-0.0016585917298446089,-0.005303266544955384
2022-06-09,-15525000.000000002,-1454000.0,-197222.4,-9350000.0,0.0,-1120500.0,-15027.999999999998,-27661750.4,4225910188.617113,-0.0006844201201297426,-0.0016585917298446089
2022-06-10,-7491000.000000001,0.0,-404655.39400000003,-29995000.0,0.0,-2262000.0,-108838.79999999999,-40261494.194,4377121992.920803,-0.0008750479367239936,-0.0006844201201297426
2022-06-13,-1989000.0,0.0,-25807.9,0.0,0.0,-735000.0,-33119.399999999994,-2782927.3,3335502239.6721573,-6.392263046746358e-05,-0.0008750479367239936
2022-06-14,0.0,712000.0,-432739.8,0.0,0.0,0.0,-261112.59999999998,18147.600000000035,2668984085.9290824,5.540555754772102e-07,-6.392263046746358e-05
2022-06-15,-666000.0,0.0,-18990.0,-67200000.0,0.0,-3700000.0,0.0,-71584990.0,2698996428.7912083,-0.0018181636268346589,5.540555754772102e-07
2022-06-16,-3924000.0,0.0,-386913.75,-14796000.0,-1301400.0,0.0,-245377.83599999998,-20653691.586,2609958356.5361876,-0.0005551836605112247,-0.0018181636268346589
2022-06-17,0.0,0.0,-200874.24,0.0,0.0,0.0,-201639.15199999997,-402513.392,3807562717.9653263,-8.482825298448755e-06,-0.0005551836605112247
2022-06-20,0.0,-1426000.0,-10364.8,0.0,0.0,0.0,0.0,-1436364.8,2033953502.4246376,-5.2686030260963186e-05,-8.482825298448755e-06
2022-06-21,-672000.0,0.0,-70806.142,-25410000.0,0.0,-8964000.0,-256546.941,-35373353.083000004,2012610276.1596668,-0.0010451134436028167,-5.2686030260963186e-05
2022-06-22,-7282000.0,0.0,-66571.088,0.0,0.0,0.0,0.0,-7348571.088,2055279151.394394,-0.00022710051949904658,-0.0010451134436028167
2022-06-23,-3355000.0,0.0,-96183.68000000001,0.0,0.0,-743000.0,-104463.79999999999,-4298647.48,2212222433.6983037,-0.00014123788446077597,-0.00022710051949904658
2022-06-24,-4767000.0,0.0,0.0,-38655000.0,0.0,-4524000.0,0.0,-47946000.0,2830333961.4515815,-0.0012745483424571069,-0.00014123788446077597
2022-06-27,-5576000.0,0.0,-119182.63,-26280000.0,0.0,0.0,-128259.0,-32103441.63,4687451266.406481,-0.0006942435498663119,-0.0012745483424571069
2022-06-28,-2115000.0,-1500000.0,-171228.55000000002,-55818000.0,0.0,-6975000.0,-34537.693,-66613766.243,4010325179.0270615,-0.0014302573930105413,-0.0006942435498663119
2022-06-29,-690000.0,0.0,-143332.5,-13020000.0,0.0,-4933500.0,-110781.0,-18897613.5,3018184424.1072965,-0.00040190494053191154,-0.0014302573930105413
2022-06-30,0.0,0.0,-332743.62,-60619970.556,0.0,-380500.0,-257001.32499999998,-61590215.501,2809260603.0991154,-0.0013954625910940091,-0.00040190494053191154
2022-07-04,0.0,0.0,-98024.40000000001,-17380000.0,0.0,0.0,-59302.0,-17537326.4,2453584770.5228677,-0.0005347744022470747,-0.0013954625910940091
2022-07-05,0.0,0.0,0.0,0.0,0.0,0.0,0.0,0.0,1888400724.8421986,0.0,-0.0005347744022470747
2022-07-06,-676000.0,0.0,-56889.0,6800000.0,0.0,0.0,-14625.0,6052486.0,2319686365.18518,0.00016250685082501583,0.0
2022-07-07,-2049000.0000000002,0.0,-73823.40000000001,-51540000.0,0.0,0.0,0.0,-53662823.4,1846451615.762115,-0.0020436374339512734,0.00016250685082501583
2022-07-08,0.0,0.0,-6909.0,0.0,0.0,-4881500.0,0.0,-4888409.0,1937474849.1416655,-0.00019634687003187916,-0.0020436374339512734
2022-07-11,-666000.0,0.0,0.0,0.0,-880800.0,730000.0,-1154.0,-817954.0,2226790160.0869517,-2.9760257623962917e-05,-0.00019634687003187916
2022-07-12,0.0,0.0,-21862.153,0.0,0.0,0.0,0.0,-21862.153,2222079611.8365884,-8.370096269587721e-07,-2.9760257623962917e-05
2022-07-13,-655000.0,0.0,-56287.416,0.0,0.0,-3570000.0,-6361.599999999999,-4287649.016,1781794319.9314585,-0.00014542293186054652,-8.370096269587721e-07
2022-07-14,0.0,0.0,-78542.88,0.0,-1292400.0,0.0,0.0,-1370942.88,1946594399.5936074,-4.0925360313622226e-05,-0.00014542293186054652
2022-07-15,0.0,0.0,-3745.4,0.0,0.0,-700000.0,-44480.00000000001,-748225.4,2360983551.08824,-2.3225640390698158e-05,-4.0925360313622226e-05
2022-07-18,0.0,0.0,0.0,-156560000.0,0.0,-7180000.0,0.0,-163740000.0,2124880625.0234656,-0.005192591479420155,-2.3225640390698158e-05
2022-07-19,651000.0,0.0,-35694.64,0.0,0.0,0.0,0.0,615305.36,1317887917.7002313,3.0856036068625494e-05,-0.005192591479420155
2022-07-20,0.0,-710000.0,-10449.18,0.0,0.0,-3635000.0,-22919.999999999996,-4378369.18,1560095460.0265436,-0.0001907176563126646,3.0856036068625494e-05
2022-07-21,0.0,0.0,-20417.904,0.0,0.0,0.0,-685441.384,-705859.288,1776691383.0327153,-2.627815313230659e-05,-0.0001907176563126646
2022-07-22,0.0,0.0,-103866.56,0.0,0.0,0.0,-1192.8,-105059.36,1279404864.9812424,-5.2995052538313825e-06,-2.627815313230659e-05
2022-07-25,0.0,0.0,-28979.256,-121285999.99999999,0.0,0.0,-44599.50000000001,-121359578.75599998,1437637559.7362843,-0.0058092302681075556,-5.2995052538313825e-06
2022-07-26,0.0,0.0,-264180.0,-50569000.0,0.0,363000.0,0.0,-50470180.0,1561257607.6619723,-0.0021526879233248553,-0.0058092302681075556
2022-07-27,0.0,0.0,0.0,0.0,0.0,-714000.0,0.0,-714000.0,1529506848.8179586,-3.735577143641142e-05,-0.0021526879233248553
2022-07-28,0.0,0.0,-12441.9,-4064999.9999999995,0.0,-356500.0,-16920.0,-4450861.899999999,1507820599.9734674,-0.0001816752104038243,-3.735577143641142e-05
2022-07-29,0.0,0.0,-59938.2,-14991000.0,0.0,0.0,0.0,-15050938.2,2843680492.064231,-0.0004760299225342179,-0.0001816752104038243
2022-08-01,1890000.0,0.0,0.0,0.0,0.0,0.0,0.0,1890000.0,2369194252.6160398,6.987274316878213e-05,-0.0004760299225342179
2022-08-02,616000.0,0.0,-46845.96,0.0,0.0,0.0,1462.846,570616.886,2424812197.0725403,1.8871124247456744e-05,6.987274316878213e-05
2022-08-03,616000.0,0.0,74.92999999999999,-13968000.0,0.0,0.0,0.0,-13351925.07,1746209560.834557,-0.0005607498248255189,1.8871124247456744e-05
2022-08-04,0.0,0.0,108.17999999999999,-134470000.0,0.0,-696000.0,144085.092,-135021806.728,1712205805.9210558,-0.005267292327141341,-0.0005607498248255189
2022-08-05,-632000.0,0.0,109.08,0.0,0.0,0.0,5019.336,-626871.584,1364142339.0287354,-3.295072977088424e-05,-0.005267292327141341
2022-08-08,0.0,0.0,-49883.600999999995,0.0,0.0,0.0,99509.592,49625.99100000001,1235909000.4300015,2.791912818716037e-06,-3.295072977088424e-05
2022-08-09,0.0,0.0,-20930.0,0.0,0.0,0.0,10454.744,-10475.256,1291894574.0914361,-5.314122224831357e-07,2.791912818716037e-06
2022-08-10,0.0,0.0,0.0,0.0,0.0,0.0,0.0,0.0,1518358849.086196,0.0,-5.314122224831357e-07
2022-08-11,2484000.0,0.0,0.0,0.0,0.0,0.0,0.0,2484000.0,1518468671.805799,0.00010954829852019213,0.0
2022-08-12,0.0,-679000.0,34544.068,0.0,0.0,0.0,141482.097,-502973.835,1162719896.8451047,-2.6329134889359656e-05,0.00010954829852019213
2022-08-15,0.0,0.0,0.0,0.0,0.0,-1394000.0,1879.64,-1392120.36,1018462562.0649046,-8.145253211076172e-05,-2.6329134889359656e-05
2022-08-16,0.0,0.0,0.0,0.0,0.0,0.0,11525.630000000001,11525.630000000001,2097871645.5060027,5.141114695650642e-07,-8.145253211076172e-05
2022-08-17,1869000.0,0.0,0.0,-2355000.0,0.0,0.0,621.3480000000001,-485378.652,1486129526.7245667,-2.7198390144621795e-05,5.141114695650642e-07
2022-08-18,0.0,0.0,2470.3799999999997,0.0,0.0,0.0,17880.591,20350.971,1734567441.6104147,1.0713801823113565e-06,-2.7198390144621795e-05
2022-08-19,0.0,1346000.0,18796.592,0.0,0.0,2748000.0,0.0,4112796.592,1472951698.2531607,0.00024656260162572014,1.0713801823113565e-06
2022-08-22,0.0,-680000.0,0.0,0.0,0.0,0.0,63484.8,-616515.2,1338189678.6696398,-2.996336495079706e-05,0.00024656260162572014
2022-08-23,0.0,0.0,1083.76,0.0,0.0,0.0,122365.62000000001,123449.38,1364109874.0242803,4.949990421567002e-06,-2.996336495079706e-05
2022-08-24,0.0,666000.0,0.0,-46260000.0,0.0,0.0,0.0,-45594000.0,1642318768.0034676,-0.0017142577569599171,4.949990421567002e-06
2022-08-25,2512000.0,0.0,23503.194,0.0,0.0,0.0,-654440.9400000001,1881062.2540000002,2071945338.5703597,8.17358680675359e-05,-0.0017142577569599171
2022-08-26,0.0,0.0,11176.083999999999,0.0,0.0,0.0,133599.016,144775.1,2015583009.2843342,5.871922705450832e-06,8.17358680675359e-05
2022-08-29,-1282000.0,0.0,0.0,-101375000.0,0.0,0.0,0.0,-102657000.0,1849477374.6574817,-0.004979247608722699,5.871922705450832e-06
2022-08-30,0.0,0.0,-40770.0,0.0,0.0,0.0,5588.295,-35181.705,1589357178.1089623,-1.4338206633399067e-06,-0.004979247608722699
2022-08-31,1917000.0,0.0,0.0,0.0,0.0,0.0,0.0,1917000.0,3078917344.6805167,4.967307029008243e-05,-1.4338206633399067e-06
2022-09-01,-1258000.0,0.0,0.0,0.0,0.0,0.0,0.0,-1258000.0,2038117752.7822502,-4.30840965949701e-05,4.967307029008243e-05
2022-09-02,0.0,0.0,-158331.0,0.0,0.0,0.0,-30.085,-158361.085,1964121122.0690825,-5.225623145445938e-06,-4.30840965949701e-05
2022-09-05,0.0,0.0,-48082.931,0.0,0.0,0.0,0.0,-48082.931,1679074461.5299962,-1.8083047442990858e-06,-5.225623145445938e-06
2022-09-06,0.0,668000.0,-24612.0,0.0,0.0,0.0,0.0,643388.0,1234651187.2813475,3.4205500741988044e-05,-1.8083047442990858e-06
2022-09-07,1845000.0,662000.0,0.0,0.0,0.0,0.0,84825.057,2591825.057,1271842340.4092689,0.0001187544336435228,3.4205500741988044e-05
2022-09-08,608000.0,0.0,-6.369,-3845000.0,0.0,0.0,0.0,-3237006.369,1376196757.6873753,-0.00015989138621483385,0.0001187544336435228
2022-09-09,1863000.0,0.0,147521.83,0.0,0.0,0.0,10300.167000000001,2020821.997,1453157441.9918249,8.504409838489388e-05,-0.00015989138621483385
2022-09-13,624000.0,-675000.0,5070.48,0.0,0.0,0.0,52125.98,6196.459999999999,1472296796.487204,2.6391837449241856e-07,8.504409838489388e-05
2022-09-14,0.0,0.0,-130724.99999999999,0.0,0.0,340000.0,44492.205,253767.20500000002,1401545986.8795838,1.0969691954461678e-05,2.6391837449241856e-07
2022-09-15,1842000.0,0.0,-137005.0,0.0,0.0,0.0,11522.295,1716517.295,1086740915.6633644,9.083917208418061e-05,1.0969691954461678e-05
2022-09-16,612000.0,0.0,-86420.0,0.0,0.0,0.0,14744.379,540324.379,1731510069.9190009,1.7380376007371655e-05,9.083917208418061e-05
2022-09-19,0.0,0.0,-108489.99999999999,0.0,5155800.0,0.0,0.0,5047310.0,1438114007.297404,0.00024333525379601186,1.7380376007371655e-05
2022-09-20,609000.0,0.0,129813.15,0.0,-5594400.0,0.0,17619.642,-4837967.208,1194482052.9818287,-0.0002628397575055295,0.00024333525379601186
2022-09-21,602000.0,0.0,0.0,0.0,-1980000.0,1008000.0000000001,-34.782000000000004,-370034.7819999999,1244213356.2146175,-1.904804357258708e-05,-0.0002628397575055295
2022-09-22,1186000.0,0.0,0.0,0.0,0.0,1652500.0,52169.361000000004,2890669.361,1374393425.7940264,0.0001434193237636087,-1.904804357258708e-05
2022-09-23,2364000.0,646000.0,-28005.960000000003,1498000.0,0.0,1652500.0,41072.031,6173566.071,1335348172.3779733,0.0003318962343821429,0.0001434193237636087
2022-09-26,593000.0,0.0,408464.253,0.0,0.0,663000.0,66967.558,1731431.811,1693371703.5637877,6.486506294348748e-05,0.0003318962343821429
2022-09-27,594000.0,-650000.0,-108181.55700000002,11310000.0,-1962000.0,0.0,187208.84600000002,9371027.289,1607130268.226532,0.0003993792118582656,6.486506294348748e-05
2022-09-28,586000.0,0.0,991694.3480000001,29760000.0,-1938000.0,70842500.0,250343.487,100492537.83500001,1708973550.2719896,0.0033128057660311502,0.0003993792118582656
2022-09-29,2875000.0,-629000.0,-12093.372000000001,0.0,0.0,211572000.0,163007.94,213968914.568,1646803252.5233476,0.007682715884013955,0.0033128057660311502
2022-09-30,566000.0,0.0,92599.20000000001,124906024.548,0.0,0.0,67537.5,125632161.248,1533868899.088696,0.005252946951192178,0.007682715884013955
2022-10-10,565000.0,0.0,0.0,-24.412,-376800.0,0.0,202661.5,390837.088,1418110033.5906804,1.808398937979472e-05,0.005252946951192178
2022-10-11,-561000.0,0.0,0.0,0.0,0.0,0.0,-144439.17799999999,-705439.178,1556504463.3795507,-3.3917929001268884e-05,1.808398937979472e-05
2022-10-12,562000.0,619000.0,-159000.0,0.0,0.0,-67196000.0,-9837.021999999999,-66183837.022,2039191842.987703,-0.002391841583836033,-3.3917929001268884e-05
2022-10-13,546000.0,0.0,-280601.636,2075999.9999999998,0.0,-64978000.0,-7738.192,-62644339.828,1265459466.2493632,-0.0030787707979331906,-0.002391841583836033
2022-10-14,552000.0,613000.0,20410.598,16145999.999999998,368400.0,-64376000.0,991.76,-46675197.642000005,1692279548.3773193,-0.0019145010114007116,-0.0030787707979331906
2022-10-17,548000.0,0.0,165811.677,38280000.0,0.0,-5861500.0,210176.001,33342487.678,1593318789.8052347,0.0014061963930067198,-0.0019145010114007116
2022-10-18,2824999.9999999995,0.0,524688.682,10605000.0,0.0,3762000.0,133529.78399999999,17850218.466,1528794431.7282026,0.0008026878250660528,0.0014061963930067198
2022-10-19,54846000.00000001,0.0,267087.016,700000.0,367800.0,-62016500.0,681030.108,-5154582.87599999,1324844697.2541864,-0.0002807319799967357,0.0008026878250660528
2022-10-20,12984000.0,601000.0,717594.618,82200000.0,0.0,-2424000.0,363272.39999999997,94441867.018,2292997811.7829494,0.003882050731911556,-0.0002807319799967357
2022-10-21,20672000.0,605000.0,51481.452,59855999.99999999,1800000.0,1525000.0,561995.775,85071477.227,1442610336.0423234,0.003964020038651224,0.003882050731911556
2022-10-24,6096000.0,0.0,208186.693,193500000.0,0.0,573000.0,331750.83400000003,200708937.52699998,3782286899.5720825,0.005319025464376304,0.003964020038651224
2022-10-25,14877000.0,581000.0,204951.796,194700000.0,1688999.9999999998,3467999.9999999995,476135.55,215996087.34600002,2997477324.6372237,0.0061977914994030365,0.005319025464376304
2022-10-26,8687000.0,572000.0,699570.686,82944000.0,-680399.9999999999,5770000.0,1917356.144,99909526.83,2338090262.379032,0.0036502622773601757,0.0061977914994030365
2022-10-27,2056000.0,1156000.0,1237154.494,652000.0,-1380000.0,7539999.999999999,686455.112,11947609.605999999,2137832764.9276395,0.0004680526636563056,0.0036502622773601757
2022-10-28,0.0,-556000.0,248367.80000000002,35056000.0,10560000.0,0.0,602261.85,45910629.65,1978319908.7884965,0.0017440861669903685,0.0004680526636563056
2022-10-31,2964000.0,554000.0,0.0,35511000.0,3603600.0000000005,0.0,381566.961,43014166.961,2250830261.1078105,0.0012206908053874368,0.0017440861669903685
2022-11-01,1030000.0,0.0,0.0,2624000.0,0.0,874500.0,9076.761,4537576.761,3403822869.942819,0.00011813852780115829,0.0012206908053874368
2022-11-02,0.0,0.0,-96131.63,1330000.0,-346800.0,0.0,11645.321,898713.6910000001,1864873427.2952917,3.850821622653961e-05,0.00011813852780115829
2022-11-03,514000.0,-579000.0,-293803.1,1953000.0,-2041199.9999999998,0.0,-101056.14600000001,-548059.2459999998,1577005975.6785119,-2.455583795799771e-05,3.850821622653961e-05
2022-11-04,1632000.0000000002,0.0,-354209.28,0.0,-720000.0,0.0,0.0,557790.7200000002,3722258792.494107,1.487502937023086e-05,-2.455583795799771e-05
2022-11-07,0.0,0.0,-4689.0,0.0,-7320000.0,0.0,0.0,-7324689.0,2595529250.081464,-0.00023052833631425436,1.487502937023086e-05
2022-11-08,0.0,-1224000.0,-822775.416,0.0,-2178000.0,311500.0,-562811.156,-4476086.572000001,1612846905.4273977,-0.0002273784483972635,-0.00023052833631425436
2022-11-09,0.0,0.0,-966552.0,0.0,0.0,0.0,-679459.0,-1646011.0,1724976321.7361171,-7.453882424343274e-05,-0.0002273784483972635
2022-11-10,0.0,-600000.0,-51102.0,0.0,-704400.0,0.0,0.0,-1355502.0,1311294078.6677144,-7.672079880784098e-05,-7.453882424343274e-05
2022-11-11,0.0,0.0,-44812.391,-46728000.0,0.0,0.0,0.0,-46772812.391,3397325608.201765,-0.0009553487121018666,-7.672079880784098e-05
2022-11-14,-11339999.999999998,-635000.0,136824.106,-33887000.0,-2260800.0,0.0,0.0,-47985975.893999994,3405554160.476613,-0.0010314746369851258,-0.0009553487121018666
2022-11-15,-43289000.0,-662000.0,-1769572.5599999998,-37600000.0,-394200.0,0.0,-1356610.223,-85071382.783,4185030979.987163,-0.0020086482100516298,-0.0010314746369851258
2022-11-16,-1186000.0,5240000.0,-998961.3019999999,0.0,0.0,-2672000.0,-1169782.023,-786743.3250000002,3446918019.548471,-2.1112673125565294e-05,-0.0020086482100516298
2022-11-17,0.0,656000.0,-133279.01400000002,0.0,0.0,0.0,-11384.086000000001,511336.89999999997,3716659155.2737823,1.735919753956693e-05,-2.1112673125565294e-05
2022-11-18,0.0,0.0,-13440.000000000002,0.0,0.0,-666000.0,0.0,-679440.0,3023362447.7700143,-2.37474844268003e-05,1.735919753956693e-05
2022-11-21,0.0,0.0,0.0,0.0,0.0,0.0,-277560.0,-277560.0,1931069413.2758648,-1.1207802689521298e-05,-2.37474844268003e-05
2022-11-22,0.0,-633000.0,-24300.0,0.0,-758400.0,0.0,-16627.63,-1432327.63,2361003585.1578074,-4.836478894582824e-05,-1.1207802689521298e-05
2022-11-23,0.0,-641000.0,-67897.20000000001,0.0,0.0,0.0,0.0,-708897.2,1725119146.0989258,-2.950134698037462e-05,-4.836478894582824e-05
2022-11-24,0.0,-1288000.0,-574652.442,14680000.0,-766800.0,-3876000.0,-5961.39,8168586.1680000005,1228263660.3758116,0.0004346224655011512,-2.950134698037462e-05
2022-11-25,-20335000.0,0.0,-161091.5,14740000.0,0.0,0.0,-47625.200000000004,-5803716.7,1601858159.8186755,-0.0002603046232601532,0.0004346224655011512
2022-11-28,0.0,0.0,-5200.272,0.0,0.0,0.0,0.0,-5200.272,2097834659.9450302,-1.9709134659432761e-07,-0.0002603046232601532
2022-11-29,597000.0,-663000.0,-11259.999999999998,0.0,-396600.0,0.0,0.0,-473860.0,3063149759.5703974,-1.062424020686367e-05,-1.9709134659432761e-07
2022-11-30,0.0,-674000.0,-103319.99999999999,0.0,5653200.0,-3425000.0000000005,0.0,1450879.9999999995,3747100023.790865,2.3828345217948933e-05,-1.062424020686367e-05
2022-12-01,-2468000.0,0.0,-696026.184,-782000.0,7786200.000000001,0.0,-481126.00000000006,3359047.816000001,3603929248.4841595,6.983674469873501e-05,2.3828345217948933e-05
2022-12-02,-2448000.0,0.0,-715728.671,0.0,-14238000.000000002,-688000.0,-210345.828,-18300074.499000005,2456356687.769744,-0.0004618436583536466,6.983674469873501e-05
2022-12-05,-633000.0,0.0,-755315.554,-141152000.0,-840000.0,-3545000.0,-629040.464,-147554356.01799998,4772127488.508272,-0.0023018388140333065,-0.0004618436583536466
2022-12-06,-630000.0,0.0,-9000.0,0.0,-1256400.0,-3535000.0,0.0,-5430400.0,2749670720.9363446,-0.0001385137527749667,-0.0023018388140333065
2022-12-07,0.0,0.0,-753999.6,0.0,0.0,0.0,-600121.5,-1354121.1,3563863115.3746824,-2.451480223678853e-05,-0.0001385137527749667
2022-12-08,-631000.0,0.0,-77929.9,0.0,0.0,0.0,0.0,-708929.9,2735877586.1433554,-2.0850906152041147e-05,-2.451480223678853e-05
2022-12-09,-647000.0,0.0,-776306.7,0.0,0.0,0.0,-232106.00000000003,-1655412.7,3628626005.7033443,-3.611305768030998e-05,-2.0850906152041147e-05
2022-12-12,27896000.0,0.0,-30050.0,8000000.0,0.0,0.0,0.0,35865950.0,2203047911.825189,0.0010847767997538994,-3.611305768030998e-05
2022-12-13,53424000.0,0.0,-309215.5,0.0,0.0,0.0,-89047.37800000001,53025737.122,1970295912.2260604,0.001811431473980621,0.0010847767997538994
2022-12-14,0.0,-1412000.0,-38665.9,0.0,0.0,0.0,83266.48700000001,-1367399.413,2066453493.2814317,-4.23618625399454e-05,0.001811431473980621
2022-12-15,44659000.0,0.0,-23880.0,0.0,-826799.9999999999,0.0,0.0,43808320.0,1647251757.6286635,0.0017499008679256241,-4.23618625399454e-05
2022-12-16,10128000.0,0.0,-46527.977999999996,8040000.000000001,0.0,0.0,0.0,18121472.022,2205993237.7490635,0.0005485070670093311,0.0017499008679256241
2022-12-19,627000.0,-2069999.9999999998,-53730.0,0.0,0.0,0.0,-27400.000000000004,-1524129.9999999998,2047147378.6015594,-6.050766318128312e-05,0.0005485070670093311
2022-12-20,0.0,-1354000.0,-125052.4,7790000.0,0.0,0.0,0.0,6310947.6,1891500685.07544,0.0002798607031673691,-6.050766318128312e-05
2022-12-21,0.0,0.0,-37979.246,0.0,0.0,0.0,0.0,-37979.246,1127292910.5958436,-2.3222328249194895e-06,0.0002798607031673691
2022-12-22,0.0,0.0,-39520.0,0.0,0.0,0.0,35402.310000000005,-4117.689999999995,2222876900.1599016,-1.4762534543564165e-07,-2.3222328249194895e-06
2022-12-23,0.0,-693000.0,-42813.0,145705000.0,0.0,0.0,0.0,144969187.0,1344044234.5634136,0.008982538330316033,-1.4762534543564165e-07
2022-12-28,0.0,0.0,0.0,147334000.0,0.0,0.0,0.0,147334000.0,2283806586.0155826,0.0038241681696218736,0.008982538330316033
2022-12-29,0.0,0.0,0.0,805000.0,0.0,0.0,0.0,805000.0,2060274966.725044,2.799822343669537e-05,0.0038241681696218736
2022-12-30,18473000.0,0.0,-64869.6,808000.0,0.0,0.0,0.0,19216130.4,1993435489.0292034,0.0007884563448417292,2.799822343669537e-05
2023-01-03,2560000.0,-2836000.0,-137944.8,42982972.42600001,0.0,0.0,0.0,42569027.62600001,2440318042.7536306,0.0012825929059562416,0.0007884563448417292
2023-01-04,5922000.0,-723000.0,-280898.72,0.0,-870000.0,0.0,-40180.0,4007921.2800000003,3689299544.694517,9.629298284188464e-05,0.0012825929059562416
2023-01-05,-2010000.0000000002,-1466000.0,-948452.808,0.0,-880800.0,0.0,-310220.8,-5615473.608,3825632962.4232993,-0.00012550551743907557,9.629298284188464e-05
2023-01-06,0.0,728000.0,-917629.4400000001,0.0,0.0,0.0,-216736.8,-406366.24000000005,2864398088.3443637,-1.0567929330732243e-05,-0.00012550551743907557
2023-01-09,0.0,0.0,-61856.6,0.0,-1326600.0,0.0,-115267.29999999999,-1503723.9000000001,3617932099.6350117,-3.807279888852485e-05,-1.0567929330732243e-05
2023-01-10,-667000.0,-1444000.0,-67648.0,0.0,0.0,-8868000.0,-584.0,-11047232.0,2594835358.189121,-0.000315585555719138,-3.807279888852485e-05
2023-01-11,0.0,0.0,-309668.8,0.0,0.0,0.0,-467557.01999999996,-777225.82,3984386949.502094,-1.662804210621558e-05,-0.000315585555719138
2023-01-12,-666000.0,-720000.0,-31388.812,0.0,0.0,-8820000.0,-1752.0,-10239140.811999999,3748206930.3028746,-0.00022418503025181956,-1.662804210621558e-05
2023-01-13,4732000.0,0.0,-214735.0,0.0,0.0,-1480000.0,-99790.0,2937475.0,2709370153.538247,7.78857314484204e-05,-0.00022418503025181956
2023-01-16,0.0,0.0,-50800.0,-12645000.0,0.0,0.0,-23520.0,-12719320.0,2849355676.670168,-0.00034215770259358867,7.78857314484204e-05
2023-01-17,0.0,0.0,-65532.0,-63450000.0,0.0,-2196000.0,-29166.199999999997,-65740698.2,2364715433.9078116,-0.0018808322468713862,-0.00034215770259358867
2023-01-18,671000.0,0.0,-22549.8,-8490000.0,0.0,-1837500.0,9794.4,-9669255.4,2648148531.576829,-0.00026685163594127205,-0.0018808322468713862
2023-01-19,0.0,0.0,-140353.395,-16960000.0,0.0,-736000.0,0.0,-17836353.395,1995157516.5430913,-0.0007292284547504415,-0.00026685163594127205
2023-01-20,-684000.0,0.0,-38820.0,0.0,0.0,0.0,0.0,-722820.0,2270926865.345139,-2.4495930841421848e-05,-0.0007292284547504415
2023-01-30,0.0,0.0,0.0,-87000000.0,0.0,0.0,-142761.072,-87142761.072,5254388678.4760685,-0.0013393922108312993,-2.4495930841421848e-05
2023-01-31,-1340000.0,734000.0,0.0,-52638000.0,0.0,-747000.0,-36.394,-53991036.394,4317654288.946628,-0.0010109736497721233,-0.0013393922108312993
2023-02-01,-2055000.0000000002,0.0,-1423176.932,-78210000.0,0.0,0.0,-146480.1,-81834657.03199999,3040708352.414848,-0.0019216907034688402,-0.0010109736497721233
2023-02-02,-1368000.0,0.0,-135041.536,-43350000.0,0.0,0.0,-119600.0,-44972641.536,2425034866.315519,-0.0012719696194885164,-0.0019216907034688402
2023-02-03,-672000.0,0.0,-298473.958,-76680000.0,0.0,0.0,-74655.75,-77725129.708,2563502331.75898,-0.0021425081270701283,-0.0012719696194885164
2023-02-06,0.0,0.0,-87062.5,0.0,0.0,0.0,-44874.172,-131936.672,2608190239.3694673,-3.908172189421357e-06,-0.0021425081270701283
2023-02-07,0.0,-721000.0,-127335.8,-84537000.0,0.0,0.0,-52019.99999999999,-85437355.8,1898122655.6370094,-0.0033501923041196788,-3.908172189421357e-06
2023-02-08,-1308000.0,0.0,-176250.0,0.0,0.0,0.0,11092.223999999998,-1473157.776,2670995091.691757,-5.928725596537215e-05,-0.0033501923041196788
2023-02-09,-71928000.0,0.0,-108962.7,-4230000.0,0.0,0.0,-66234.0,-76333196.7,2677335943.0219245,-0.002746115414603563,-5.928725596537215e-05
2023-02-10,-31440000.0,0.0,-5740.8,0.0,0.0,0.0,0.0,-31445740.8,2435038065.2490077,-0.001273413548067882,-0.002746115414603563
2023-02-13,0.0,0.0,-83282.69,-82900000.0,0.0,0.0,-11439.999999999998,-82994722.69,2148118500.6124077,-0.003084092602901752,-0.001273413548067882
2023-02-14,-33303000.0,-2148000.0,-43477.8,0.0,5561400.0,0.0,0.0,-29933077.799999997,1729374659.6883154,-0.0013823648083275788,-0.003084092602901752
2023-02-15,-29070000.0,-1418000.0,32703.44,0.0,11076000.0,0.0,0.0,-19379296.56,1950990589.2280502,-0.0006354046364025211,-0.0013823648083275788
2023-02-16,-655000.0,0.0,0.0,-14958000.0,-12493200.0,2172000.0,842.632,-25933357.368,2301748472.1361017,-0.0008290829447597357,-0.0006354046364025211
2023-02-17,-649000.0,0.0,0.0,0.0,0.0,0.0,10639.776,-638360.224,1697570027.782103,-2.7780409156276478e-05,-0.0008290829447597357
2023-02-20,0.0,0.0,-65123.4,-831000.0,-5623800.0,0.0,0.0,-6519923.4,1572620113.3884661,-0.0002462281665934051,-2.7780409156276478e-05
2023-02-21,-646000.0,-713000.0,0.0,0.0,0.0,0.0,0.0,-1359000.0,2505036406.4036965,-4.91228969686555e-05,-0.0002462281665934051
2023-02-22,0.0,0.0,-27270.0,0.0,-420000.0,0.0,95.93100000000001,-447174.069,2483462859.797735,-1.6885194252418938e-05,-4.91228969686555e-05
2023-02-23,0.0,-706000.0,0.0,0.0,0.0,0.0,0.0,-706000.0,1821873156.947053,-2.904681733369443e-05,-1.6885194252418938e-05
2023-02-24,-1266000.0,0.0,47311.367999999995,0.0,0.0,0.0,0.0,-1218688.632,2343065324.20191,-4.211862413689447e-05,-2.904681733369443e-05
2023-02-27,626000.0,699000.0,-2.965,0.0,414599.99999999994,1392000.0,0.0,3131597.035,2091240546.7466083,0.00012007504268519703,-4.211862413689447e-05
2023-02-28,0.0,0.0,83225.136,0.0,0.0,0.0,0.0,83225.136,2522200912.659706,2.126400208220779e-06,0.00012007504268519703
2023-03-01,0.0,0.0,216190.816,-813000.0,0.0,0.0,13145.742000000002,-583663.442,3045119931.599209,-1.3305428354838244e-05,2.126400208220779e-06
2023-03-02,0.0,-713000.0,48109.128,0.0,-1265400.0,-1426000.0,68618.51400000001,-3287672.358,1895208323.0830054,-0.00011135912091308929,-1.3305428354838244e-05
2023-03-03,0.0,0.0,0.0,8219999.999999999,0.0,1446000.0,-5704.713999999999,9660295.286,1859572410.4768913,0.00032975666539164934,-0.00011135912091308929
2023-03-06,0.0,-1444000.0,87173.27,0.0,0.0,0.0,-20164.0,-1376990.73,1762488448.045169,-4.582560415985599e-05,0.00032975666539164934
2023-03-07,0.0,715000.0,0.0,0.0,0.0,716000.0,0.0,1431000.0,2310535855.8951974,3.598547857279984e-05,-4.582560415985599e-05
2023-03-08,634000.0,0.0,0.0,38640000.0,0.0,0.0,0.0,39274000.0,2121156840.9008853,0.00112875121709118,3.598547857279984e-05
2023-03-09,0.0,702000.0,0.0,24030000.0,831599.9999999999,0.0,1283.4640000000002,25564883.464,1709507620.3983397,0.0008665031209774866,0.00112875121709118
2023-03-10,0.0,0.0,65730.738,40144000.0,0.0,0.0,43954.600000000006,40253685.338,3449465108.9377255,0.0009063277873757533,0.0008665031209774866
2023-03-13,3075000.0,0.0,24300.051,2334000.0,0.0,341000.0,32014.194000000003,5806314.245,2478192739.6146336,0.00015262599392203732,0.0009063277873757533
2023-03-14,0.0,-2708000.0,476798.10199999996,11415000.0,0.0,-2007000.0000000002,370789.842,7547587.944,2111487590.2085857,0.00021586557145104545,0.00015262599392203732
2023-03-15,17690000.0,0.0,0.0,0.0,0.0,0.0,86263.38,17776263.38,1684028831.0855985,0.0005913114513121589,0.00021586557145104545
2023-03-16,0.0,0.0,114493.30999999998,3825000.0,0.0,3019500.0,396390.54000000004,7355383.850000001,1938751401.2227206,0.0002570074191180775,0.0005913114513121589
2023-03-17,1228000.0,0.0,147255.016,0.0,0.0,0.0,109439.638,1484694.654,2776934097.6987643,2.946597971448745e-05,0.0002570074191180775
2023-03-20,0.0,0.0,16540.222,7610000.0,0.0,0.0,12242.736,7638782.958,1981439446.4476867,0.00022907484455847172,2.946597971448745e-05
2023-03-21,7284000.0,1362000.0,29715.239999999998,0.0,0.0,0.0,0.0,8675715.24,1601989417.2383764,0.00035346867990224644,0.00022907484455847172
2023-03-22,619000.0,0.0,652510.9979999999,0.0,0.0,0.0,242158.63300000003,1513669.631,1816067230.0352645,5.257381387208866e-05,0.00035346867990224644
2023-03-23,629000.0,-704000.0,36465.614,-7920000.0,0.0,0.0,21772.588000000003,-7936761.7979999995,3240034582.5679975,-0.00023133072494383556,5.257381387208866e-05
2023-03-24,0.0,-704000.0,0.0,0.0,-412200.00000000006,-1404000.0,146590.95,-2373609.05,2559266631.2963586,-8.313950936447458e-05,-0.00023133072494383556
2023-03-27,3738000.0,0.0,-335263.5,0.0,0.0,0.0,-39233.376000000004,3363503.124,3121532915.505058,0.00011159195202639988,-8.313950936447458e-05
2023-03-28,0.0,0.0,0.0,0.0,0.0,0.0,0.0,0.0,2408217600.528868,0.0,0.00011159195202639988
2023-03-29,0.0,0.0,0.0,2430000.0,0.0,0.0,0.0,2430000.0,4152962407.5988936,6.35204203290532e-05,0.0
2023-03-30,0.0,2127000.0,0.0,2439000.0,0.0,0.0,0.0,4566000.0,2840410676.007904,0.00011660256966072277,6.35204203290532e-05
2023-03-31,192456000.0,-713000.0,-63781.788,0.0,0.0,0.0,0.0,191679218.212,3164088328.4374175,0.004250018624795491,0.00011660256966072277
2023-04-03,0.0,-1422000.0,-84840.0,0.0,0.0,0.0,0.0,-1506840.0,2149521447.967685,-4.653423332732864e-05,0.004250018624795491
2023-04-04,0.0,706000.0,-309886.8,0.0,0.0,0.0,-59043.04000000001,337070.16000000003,2098561076.2374277,1.0041944152569978e-05,-4.653423332732864e-05
2023-04-06,0.0,1408000.0,0.0,0.0,0.0,0.0,0.0,1408000.0,1782513161.9562964,5.2683443555265004e-05,1.0041944152569978e-05
2023-04-11,0.0,0.0,0.0,0.0,0.0,0.0,0.0,0.0,2231957020.2653904,0.0,5.2683443555265004e-05
2023-04-12,0.0,0.0,0.0,0.0,0.0,0.0,0.0,0.0,2380395468.146276,0.0,0.0
2023-04-13,0.0,0.0,0.0,0.0,0.0,0.0,0.0,0.0,2160901187.034426,0.0,0.0
2023-04-14,0.0,0.0,-55308.799999999996,0.0,0.0,0.0,0.0,-55308.799999999996,1444652744.5345528,-1.9993399047347816e-06,0.0
2023-04-17,0.0,0.0,0.0,0.0,-429000.0,-1450000.0,11359.999999999998,-1867640.0,2098934873.1106627,-4.4889376009696323e-05,-1.9993399047347816e-06
2023-04-18,0.0,-725000.0,-735160.716,0.0,12780000.0,0.0,0.0,11319839.284,1786854048.9833324,0.00036320004980174806,-4.4889376009696323e-05
2023-04-19,0.0,0.0,-388468.871,0.0,7603200.0,0.0,-120230.88,7094500.249,1638716577.7234235,0.00023873435333215997,0.00036320004980174806
2023-04-20,644000.0,719000.0,0.0,0.0,-14361600.0,0.0,0.0,-12998600.0,1572866942.8760467,-0.00047253279041944594,0.00023873435333215997
2023-04-21,0.0,0.0,-294.0,0.0,0.0,0.0,0.0,-294.0,1936106364.4155362,-8.306570642122943e-09,-0.00047253279041944594
2023-04-24,0.0,0.0,-58.3,0.0,0.0,0.0,-116364.90000000001,-116423.20000000001,1601552211.5660627,-4.207359872382389e-06,-8.306570642122943e-09
2023-04-25,,,0.0,0.0,0.0,0.0,0.0,0.0,1905802829.7336798,0.0,-4.207359872382389e-06
2023-04-26,,,0.0,0.0,0.0,0.0,1739.229,1739.229,1946042740.4757855,6.654583960958623e-08,0.0
2023-04-27,,,,0.0,-5319600.0,0.0,0.0,-5319600.0,1741061734.2869997,-0.00017882585952028806,6.654583960958623e-08
