,513260_amont,159740_amont,513010_amont,513180_amont,513380_amont,513580_amont,513130_amont,159741_amont,513890_amont,159742_amont,etfs_amont,index_amt,etf_chg_amt_pct,etf_chg_amt_pct_lag1
2021-05-25,,,36741000.0,,,,,,,312552148.584,349293148.584,3099314567.430985,0.017329187178200787,
2021-05-26,,,111552000.0,-1004000.0,,,,,,0.0,110548000.0,2586218759.8088145,0.00429391359406976,0.017329187178200787
2021-05-27,,391154845.76000005,0.0,-1004999.9999999999,,-9930000.0,,,,-2013999.9999999998,378205845.76000005,4205036505.499291,0.01235495675018618,0.00429391359406976
2021-05-28,,-46896000.0,19700000.0,0.0,,-1950000.0,,,,-20790000.0,-49936000.0,2494222753.5466495,-0.002195712254593724,0.01235495675018618
2021-05-31,,-991000.0,0.0,0.0,,-1974000.0,,,,-5004999.999999999,-7969999.999999999,2973669428.1882963,-0.00037675788768014193,-0.002195712254593724
2021-06-01,,-10149999.999999998,-3060000.0,-4120000.0,,-39390000.0,-34849800.0,,,0.0,-91569800.0,3549578265.0002193,-0.004129677893920023,-0.00037675788768014193
2021-06-02,,-28251999.999999996,0.0,0.0,,-34238000.0,-61448400.0,,,-36792000.0,-160730400.0,2727041913.48792,-0.008156259535521973,-0.004129677893920023
2021-06-03,,-35034999.99999999,0.0,0.0,,-30060000.0,-39428999.99999999,420109525.152,,-11164999.999999998,304420525.152,2588907690.379708,0.014706713594379212,-0.008156259535521973
2021-06-04,,-12987000.0,0.0,0.0,,0.0,-39234000.0,-20853000.0,,0.0,-73074000.0,4289015696.570016,-0.0031572764145290978,0.014706713594379212
2021-06-07,,-11904000.0,998000.0,0.0,,0.0,0.0,-3940000.0,,0.0,-14846000.0,2962468799.820524,-0.0007421836963147101,-0.0031572764145290978
2021-06-08,,-1962000.0,0.0,0.0,,0.0,21724800.0,-12636000.0,,0.0,7126800.0,1679715444.6953754,0.00043444065618699327,-0.0007421836963147101
2021-06-09,,0.0,0.0,0.0,,0.0,891900.0,-1948000.0,,0.0,-1056100.0,1549386873.4256856,-6.407332730501558e-05,0.00043444065618699327
2021-06-10,,-980000.0,0.0,0.0,,0.0,891900.0,-3884000.0,,0.0,-3972100.0,1818467938.0574293,-0.000258956140366825,-6.407332730501558e-05
2021-06-11,,-7848000.0,0.0,0.0,,0.0,31811100.0,0.0,,-17874000.0,6089100.0,2126108400.4373512,0.00031379912818061534,-0.000258956140366825
2021-06-15,,0.0,0.0,27748000.0,,0.0,5028600.0,-1940000.0,,0.0,30836600.0,1909507516.6951346,0.0015096619209298038,0.00031379912818061534
2021-06-16,,0.0,974000.0,1960000.0,,0.0,0.0,0.0,,0.0,2934000.0,1838982483.340336,0.00016586739996342473,0.0015096619209298038
2021-06-17,,0.0,0.0,0.0,,0.0,0.0,0.0,,0.0,0.0,2122883634.7172735,0.0,0.00016586739996342473
2021-06-18,,-3972000.0,0.0,0.0,,-21824000.0,0.0,-20748000.0,,-7028000.0,-53572000.0,3482591181.065722,-0.0019365536214456592,0.0
2021-06-21,,0.0,0.0,0.0,,0.0,0.0,-10769000.0,,-2994000.0,-13763000.0,2501012393.4058595,-0.0006932497588343258,-0.0019365536214456592
2021-06-22,,-2928000.0,0.0,987000.0,,0.0,0.0,-2907000.0,,0.0,-4848000.0,2645793443.254748,-0.0002978178471894905,-0.0006932497588343258
2021-06-23,,-2985000.0,0.0,0.0,,-12948000.0,-30120000.0,0.0,,0.0,-46053000.0,2540186608.086946,-0.0022274918213778124,-0.0002978178471894905
2021-06-24,,-2004000.0,0.0,0.0,,0.0,-6036000.0,-12935000.0,,0.0,-20975000.0,1892892350.05027,-0.0012628317437429267,-0.0022274918213778124
2021-06-25,,-6132000.0,0.0,-79310000.0,,-36684000.0,-73872000.0,-4056000.0,,-8272000.0,-208326000.0,3147601169.7744217,-0.008726797862982976,-0.0012628317437429267
2021-06-28,,-24528000.0,0.0,-1032999.9999999999,,-1020999.9999999999,-41406000.0,-34578000.0,,-18648000.0,-121214000.0,1720628948.0480032,-0.009624021487219987,-0.008726797862982976
2021-06-29,,0.0,0.0,0.0,,-11120999.999999998,-38747700.0,0.0,,0.0,-49868700.0,2178885747.555832,-0.002641641991434232,-0.009624021487219987
2021-06-30,,-11164999.999999998,0.0,0.0,,0.0,0.0,-9072000.0,,-5135000.0,-25372000.0,1956516496.9858732,-0.0015259484007478332,-0.002641641991434232
2021-07-02,,0.0,0.0,0.0,,0.0,891000.0,0.0,,0.0,891000.0,3142444827.5685463,3.558130776093487e-05,-0.0015259484007478332
2021-07-05,,0.0,0.0,0.0,,0.0,0.0,0.0,,0.0,0.0,3894547167.324216,0.0,3.558130776093487e-05
2021-07-06,,0.0,0.0,0.0,,0.0,163296000.0,0.0,,0.0,163296000.0,2276437514.376779,0.008847493203666006,0.0
2021-07-07,,0.0,0.0,0.0,,0.0,14280000.0,0.0,,0.0,14280000.0,2665400794.606567,0.0006724978791573241,0.008847493203666006
2021-07-08,,0.0,0.0,212970000.0,,24813000.0,60984000.0,0.0,,0.0,298767000.0,4330408295.269015,0.010910626724559608,0.0006724978791573241
2021-07-09,,2790000.0,0.0,95472000.0,,0.0,0.0,9260000.0,,10340000.0,117862000.0,4428180368.424982,0.004552874513217761,0.010910626724559608
2021-07-12,,4705000.0,0.0,0.0,,0.0,0.0,1868000.0,,4750000.0,11323000.0,2908745444.854558,0.0005881204484336484,0.004552874513217761
2021-07-13,,0.0,0.0,0.0,,0.0,0.0,0.0,,0.0,0.0,3341355205.987845,0.0,0.0005881204484336484
2021-07-14,,0.0,0.0,0.0,,0.0,0.0,0.0,,0.0,0.0,2528564068.671546,0.0,0.0
2021-07-15,,-1910000.0,0.0,0.0,,0.0,0.0,0.0,,1932000.0,22000.0,2598255712.7136264,1.5388314128989548e-06,0.0
2021-07-16,,0.0,0.0,0.0,,0.0,0.0,0.0,,3836000.0,3836000.0,2992159243.1685,0.00024075995322534656,1.5388314128989548e-06
2021-07-19,,0.0,0.0,939000.0,,0.0,0.0,0.0,,0.0,939000.0,2906890119.226608,5.118095009994893e-05,0.00024075995322534656
2021-07-20,,0.0,1840000.0,0.0,,3676000.0,33300000.0,0.0,,0.0,38816000.0,2050889985.7175152,0.0024908031502730195,5.118095009994893e-05
2021-07-21,,0.0,0.0,0.0,,0.0,19320000.0,0.0,,1848000.0,21168000.0,2239388932.523498,0.001249664358804015,0.0024908031502730195
2021-07-22,,0.0,0.0,0.0,,0.0,0.0,0.0,,0.0,0.0,1810864504.9600794,0.0,0.001249664358804015
2021-07-23,,0.0,0.0,0.0,,0.0,0.0,0.0,,0.0,0.0,1945881508.4120045,0.0,0.0
2021-07-26,,1724000.0,0.0,284163000.0,,0.0,63724500.0,0.0,,0.0,349611500.0,6997594466.937755,0.010098098331383833,0.0
2021-07-27,,14382000.0,38064000.0,257121000.0,,11865000.0,108892800.0,0.0,,800000.0,431124800.0,9962523374.82114,0.008175010567746343,0.010098098331383833
2021-07-28,,12030000.0,99572000.0,160792000.0,,1608000.0,69310500.0,4782000.0,,8090000.000000001,356184500.0,7832094154.764734,0.008974685956177059,0.008175010567746343
2021-07-29,,12068000.0,0.0,-4320000.0,,0.0,-15462000.0,5957000.0,,17340000.0,15583000.0,6652809199.247235,0.0003781715068637566,0.008974685956177059
2021-07-30,,0.0,0.0,0.0,,0.0,0.0,-1660000.0,,-6752000.0,-8412000.0,3667020175.510579,-0.0003306530157907019,0.0003781715068637566
2021-08-02,,0.0,0.0,0.0,,0.0,0.0,0.0,,0.0,0.0,2707449782.0756097,0.0,-0.0003306530157907019
2021-08-03,,0.0,0.0,0.0,,0.0,504600.0,0.0,,0.0,504600.0,5362245368.2765,2.7024230980461026e-05,0.0
2021-08-04,,0.0,0.0,0.0,,0.0,-2577000.0,0.0,,0.0,-2577000.0,3307410849.680911,-0.00010593202573733564,2.7024230980461026e-05
2021-08-05,,0.0,0.0,0.0,,0.0,0.0,0.0,,0.0,0.0,3471477395.35272,0.0,-0.00010593202573733564
2021-08-06,,0.0,16820000.0,0.0,,0.0,0.0,0.0,,0.0,16820000.0,3266828757.946886,0.0010902813226866702,0.0
2021-08-09,,0.0,0.0,0.0,,2520000.0,12630000.0,0.0,,0.0,15150000.0,3262702360.5772467,0.0009728319851275468,0.0010902813226866702
2021-08-10,,0.0,0.0,0.0,,0.0,0.0,0.0,,0.0,0.0,3723079205.36375,0.0,0.0009728319851275468
2021-08-11,,0.0,0.0,0.0,,0.0,57657600.0,0.0,,0.0,57657600.0,2296926009.8785434,0.0031640628912859747,0.0
2021-08-12,,0.0,0.0,0.0,,0.0,760500.0,0.0,,0.0,760500.0,2007213651.5591187,5.2061330558146754e-05,0.0031640628912859747
2021-08-13,,0.0,41150000.0,16560000.0,,0.0,13133400.0,0.0,,0.0,70843400.0,2457645907.626535,0.005428232586518383,5.2061330558146754e-05
2021-08-16,,1612000.0,40250000.0,26730000.0,,6440000.0,38736000.0,0.0,,0.0,113768000.0,2594004376.0237203,0.006315201194598317,0.005428232586518383
2021-08-17,,0.0,39200000.0,151698000.0,,7038000.0,108427200.0,3092000.0,,787000.0,310242200.0,3541349936.2801676,0.015970007247634695,0.006315201194598317
2021-08-18,,11760000.0,39150000.0,11790000.0,,0.0,17191500.0,3885000.0,,6320000.0,90096500.0,2289682445.5172176,0.006004280633434791,0.015970007247634695
2021-08-19,,0.0,38350000.0,43719000.0,,7650000.0,64051200.0,759000.0,,0.0,154529200.0,3616277435.056669,0.00835390964780728,0.006004280633434791
2021-08-20,,5215000.0,37400000.0,186003000.0,,17089000.0,79236000.0,4416000.0,,1500000.0,330859000.0,4272292468.2605166,0.014556268490264883,0.00835390964780728
2021-08-23,,17480000.0,38000000.0,3044000.0,,0.0,684000.0,9012000.0,,13734000.0,81954000.0,3847760789.543922,0.004717949448882676,0.014556268490264883
2021-08-24,,0.0,40250000.0,0.0,,0.0,239700.0,788000.0,,0.0,41277700.0,4319515578.030038,0.0018923505713454298,0.004717949448882676
2021-08-25,,0.0,35288000.0,0.0,,0.0,11350500.0,-2382000.0,,0.0,44256500.0,4129409615.7433224,0.0023309235818530045,0.0018923505713454298
2021-08-26,,1580000.0,39400000.0,0.0,,0.0,237000.0,0.0,,0.0,41217000.0,2612661258.1985774,0.0022734055982533913,0.0023309235818530045
2021-08-27,,1586000.0,39500000.0,0.0,,0.0,0.0,0.0,,0.0,41086000.0,2749927586.8727026,0.0029515759550005735,0.0022734055982533913
2021-08-30,,0.0,2388000.0,0.0,,0.0,0.0,0.0,,0.0,2388000.0,2179717125.4347296,0.0001304079136297603,0.0029515759550005735
2021-08-31,,0.0,0.0,821000.0,,0.0,0.0,0.0,,0.0,821000.0,5084464375.294105,2.88698437524264e-05,0.0001304079136297603
2021-09-01,,0.0,0.0,0.0,,0.0,2508000.0,0.0,,0.0,2508000.0,3984277061.213267,0.00010287481932312104,2.88698437524264e-05
2021-09-02,,0.0,8490000.0,4265000.0,,0.0,0.0,-2511000.0,,0.0,10244000.0,3818687229.0454693,0.00045014382166621956,0.00010287481932312104
2021-09-03,,0.0,4185000.0,4205000.0,,0.0,0.0,-12390000.0,,0.0,-4000000.0,3469865928.847811,-0.00019168215649483671,0.00045014382166621956
2021-09-06,,0.0,1686000.0,0.0,,0.0,0.0,-9163000.0,,-1696000.0,-9173000.0,2661478788.2545447,-0.0005700591080987073,-0.00019168215649483671
2021-09-07,,0.0,0.0,3460000.0,,0.0,0.0,0.0,,0.0,3460000.0,3055610696.8620467,0.00021376933853725115,-0.0005700591080987073
2021-09-08,,0.0,0.0,0.0,,0.0,0.0,-2541000.0,,-859000.0,-3400000.0,3227424272.794603,-0.0002084800597050452,0.00021376933853725115
2021-09-09,,0.0,0.0,0.0,,0.0,0.0,-2457000.0,,0.0,-2457000.0,3998605820.691807,-0.00014790605694704303,-0.0002084800597050452
2021-09-10,,0.0,0.0,0.0,,0.0,0.0,0.0,,0.0,0.0,2829065467.3317165,0.0,-0.00014790605694704303
2021-09-13,,2457000.0,0.0,4109999.9999999995,,0.0,0.0,0.0,,0.0,6567000.0,2610352896.5930753,0.0004562860459281732,0.0
2021-09-14,,1614000.0,0.0,0.0,,0.0,0.0,0.0,,0.0,1614000.0,2043682289.5625231,0.00010753518574537922,0.0004562860459281732
2021-09-15,,7890000.0,0.0,12672000.0,,0.0,0.0,0.0,,0.0,20562000.0,2726885016.216819,0.0013765499432144912,0.00010753518574537922
2021-09-16,,3860000.0,1542000.0,62160000.0,,0.0,71889000.0,0.0,,0.0,139451000.0,2166847191.4550643,0.010564004476853088,0.0013765499432144912
2021-09-17,,0.0,0.0,0.0,,0.0,0.0,3980000.0,,0.0,3980000.0,3279908966.06135,0.0002020023889412751,0.010564004476853088
2021-09-23,,0.0,9444000.0,79200000.0,,0.0,33138000.0,0.0,,0.0,121782000.0,2492433026.7367444,0.007553947685876276,0.0002020023889412751
2021-09-24,,3104000.0,2319000.0,227176000.0,,0.0,36782400.0,1536000.0,,0.0,270917400.0,2143120227.5582585,0.018424787801329327,0.007553947685876276
2021-09-27,,9204000.0,19100000.0,72960000.0,,0.0,32214000.0,2277000.0,,0.0,135755000.0,2359933413.612708,0.008060656418199617,0.018424787801329327
2021-09-28,,3124000.0,7790000.0,46920000.0,,0.0,1872000.0,0.0,,0.0,59706000.0,2349813063.6855774,0.0038646793633060534,0.008060656418199617
2021-09-29,,3088000.0,0.0,35558000.0,,0.0,32382000.0,1528000.0,,774000.0,73330000.0,1723203429.112599,0.006969132016991255,0.0038646793633060534
2021-09-30,,0.0,0.0,76900000.0,,0.0,0.0,0.0,,0.0,76900000.0,1868918221.1221652,0.006927860914744189,0.006969132016991255
2021-10-08,,0.0,0.0,24056000.0,,0.0,16254000.0,0.0,,0.0,40310000.0,3205002850.894654,0.002750030684932082,0.006927860914744189
2021-10-11,,7940000.0,0.0,0.0,,0.0,0.0,0.0,,0.0,7940000.0,4415794619.788907,0.0004502649881349905,0.002750030684932082
2021-10-12,,0.0,4656000.0,35055000.0,,0.0,14219100.0,0.0,,0.0,53930100.0,2704422406.0256424,0.0031908988472126947,0.0004502649881349905
2021-10-15,,0.0,0.0,15700000.0,,0.0,0.0,0.0,,0.0,15700000.0,3524001180.453488,0.0008980365151233515,0.0031908988472126947
2021-10-18,,2331000.0,1554000.0,0.0,,0.0,1165500.0,0.0,,0.0,5050500.0,2136579584.926037,0.000392474579382336,0.0008980365151233515
2021-10-19,,2418000.0,0.0,0.0,,0.0,-16926000.0,798000.0,,810000.0,-12900000.0,2112701331.0821135,-0.0008125073807115608,0.000392474579382336
2021-10-20,,0.0,0.0,0.0,,0.0,-7434000.0,0.0,,0.0,-7434000.0,4474866859.651082,-0.0003899235764092508,-0.0008125073807115608
2021-10-21,,816000.0,0.0,0.0,,0.0,-5392200.0,-806000.0,,0.0,-5382200.0,2766028204.809477,-0.00030798645736524523,-0.0003899235764092508
2021-10-22,,1666000.0,0.0,0.0,,0.0,501600.0,0.0,,0.0,2167600.0,1946494471.495178,0.00016736608834680829,-0.00030798645736524523
2021-10-25,,834000.0,0.0,0.0,,0.0,0.0,0.0,,0.0,834000.0,1931163364.2668316,8.034774209363925e-05,0.00016736608834680829
2021-10-26,,0.0,0.0,0.0,,0.0,245999.99999999997,0.0,,0.0,245999.99999999997,1896483223.0177984,1.8710580842297324e-05,8.034774209363925e-05
2021-10-27,,794000.0,0.0,0.0,,0.0,39114000.0,0.0,,0.0,39908000.0,2211633955.0391436,0.002739665728327204,1.8710580842297324e-05
2021-10-28,,1592000.0,0.0,0.0,,0.0,0.0,0.0,,0.0,1592000.0,1662573311.0997038,0.00014646551237369778,0.002739665728327204
2021-10-29,,791000.0,0.0,0.0,,0.0,0.0,0.0,,0.0,791000.0,1807682355.6217844,6.55679781533066e-05,0.00014646551237369778
2021-11-01,,1562000.0,0.0,0.0,,0.0,58500000.0,0.0,,0.0,60062000.0,1904007307.6564565,0.005277633337339719,6.55679781533066e-05
2021-11-02,,1572000.0,0.0,0.0,,0.0,0.0,0.0,,0.0,1572000.0,2751353745.5923223,9.863123384933555e-05,0.005277633337339719
2021-11-03,,3104000.0,775000.0,49077000.0,,0.0,50116500.0,0.0,,0.0,103072500.0,2051113509.682334,0.008457046040151456,9.863123384933555e-05
2021-11-04,,783000.0,0.0,0.0,,0.0,0.0,0.0,,0.0,783000.0,1863025893.363737,7.347829383685421e-05,0.008457046040151456
2021-11-05,,0.0,0.0,0.0,,0.0,1560000.0,0.0,,784000.0,2344000.0,2030369879.3168113,0.00020188402673263945,7.347829383685421e-05
2021-11-08,,1534000.0,40598000.0,66134000.0,,1530000.0,39066000.0,0.0,,0.0,148862000.0,2042246237.5104897,0.012106159113605453,0.00020188402673263945
2021-11-09,,10036000.0,26078000.0,51724000.0,,0.0,16918000.0,762000.0,,774000.0,106292000.0,1515776027.8973157,0.009721931459550873,0.012106159113605453
2021-11-10,,3875000.0,0.0,18672000.0,,0.0,6192000.0,0.0,,3900000.0,32639000.0,2288024960.395736,0.0025027135510702933,0.009721931459550873
2021-11-11,,3204000.0,0.0,0.0,,0.0,0.0,791000.0,,0.0,3995000.0,2816771032.9521217,0.0002341360685897894,0.0025027135510702933
2021-11-12,,1610000.0,0.0,0.0,,0.0,0.0,0.0,,0.0,1610000.0,2669509748.9113283,9.14658755893956e-05,0.0002341360685897894
2021-11-15,,0.0,0.0,0.0,,0.0,-1618000.0,0.0,,0.0,-1618000.0,1880126194.1979966,-0.00011811004021628284,9.14658755893956e-05
2021-11-16,,0.0,0.0,0.0,,0.0,0.0,0.0,,0.0,0.0,2622171467.657617,0.0,-0.00011811004021628284
2021-11-17,,0.0,0.0,0.0,,0.0,0.0,0.0,,0.0,0.0,1938788905.8969483,0.0,0.0
2021-11-18,,0.0,0.0,0.0,,0.0,0.0,0.0,,0.0,0.0,2236612517.326321,0.0,0.0
2021-11-19,,0.0,0.0,0.0,,0.0,0.0,0.0,,0.0,0.0,2961096070.6849117,0.0,0.0
2021-11-22,,0.0,0.0,1584000.0,,0.0,0.0,0.0,,0.0,1584000.0,2419398982.3162847,8.571573423119826e-05,0.0
2021-11-23,,0.0,0.0,2352000.0,,0.0,0.0,-1548000.0,,0.0,804000.0,2392830349.919142,5.418252025349449e-05,8.571573423119826e-05
2021-11-24,,783000.0,781000.0,32185000.0,,1562000.0,0.0,0.0,,0.0,35311000.0,3511299306.934917,0.002403938610907074,5.418252025349449e-05
2021-11-25,,3925000.0,784000.0,22064000.0,,0.0,1568000.0,777000.0,,790000.0,29908000.0,1861936739.652461,0.0028141681188257467,0.002403938610907074
2021-11-26,,1536000.0,766000.0,233310000.0,,10710000.0,82728000.0,0.0,,0.0,329050000.0,2807357897.9474545,0.02250957431293894,0.0028141681188257467
2021-11-29,,15876000.0,13572000.0,144778000.0,,0.0,88218000.0,6714000.0,,6064000.0,275222000.0,3017767230.4292374,0.01686153698120742,0.02250957431293894
2021-11-30,,14820000.0,73800000.0,424760000.0,,18425000.0,111136000.0,2924000.0,,2229000.0,648094000.0,3785619199.4647036,0.026811431794790563,0.01686153698120742
2021-12-01,,23219000.0,7480000.0,0.0,,0.0,0.0,8904000.0,,8283000.0,47886000.0,2494102528.60684,0.0026727100039804054,0.026811431794790563
2021-12-02,,2968000.0,17784000.0,59520000.0,,1482000.0,11100000.0,0.0,,0.0,92854000.0,2298723899.395171,0.005446580789888225,0.0026727100039804054
2021-12-03,,8074000.0,85761000.0,188160000.0,,13158000.0,111843000.0,3625000.0,,1472000.0,412093000.0,3554667236.725868,0.017808001001062043,0.005446580789888225
2021-12-06,,17016000.0,141400000.0,223728000.0,,8484000.0,123728000.0,9113000.0,,14220000.0,537689000.0,3838035750.3128076,0.024115558279252998,0.017808001001062043
2021-12-07,,24820000.0,729000.0,0.0,,0.0,0.0,10830000.0,,3665000.0,40044000.0,3221326550.0763354,0.0020005554938110877,0.024115558279252998
2021-12-08,,0.0,0.0,0.0,,0.0,32384000.0,0.0,,0.0,32384000.0,2075741911.270241,0.0022083334109746287,0.0020005554938110877
2021-12-09,,1490000.0,0.0,0.0,,0.0,0.0,0.0,,0.0,1490000.0,1834284535.0991807,8.729452878516318e-05,0.0022083334109746287
2021-12-10,,1478000.0,0.0,0.0,,0.0,0.0,0.0,,0.0,1478000.0,1953270595.1469805,0.00011432680650418034,8.729452878516318e-05
2021-12-13,,0.0,0.0,10458000.0,,0.0,102672000.0,0.0,,0.0,113130000.0,2399287826.737121,0.007474691185505931,0.00011432680650418034
2021-12-14,,0.0,0.0,133768000.0,,0.0,73023000.0,0.0,,0.0,206791000.0,1760042460.6817393,0.013575489063704168,0.007474691185505931
2021-12-15,,1426000.0,5696000.0,99960000.0,,0.0,94563000.0,0.0,,0.0,201645000.0,1720492570.5369387,0.01437732575410367,0.013575489063704168
2021-12-16,,7821000.0,54824000.0,171833000.0,,11376000.0,114858000.0,3520000.0,,0.0,364232000.0,2101222771.7544372,0.025372509679444488,0.01437732575410367
2021-12-17,,19628000.0,23166000.0,97717000.0,,4206000.0,49700000.0,5544000.0,,10575000.0,210536000.0,2740097103.5637646,0.010727514733785916,0.025372509679444488
2021-12-20,,13640000.000000002,53878000.00000001,391359000.0,,15686000.000000002,137562000.0,8749000.0,,6183000.000000001,627057000.0,1996176026.9527767,0.04231716778062396,0.010727514733785916
2021-12-21,,17940000.0,2069999.9999999998,234587999.99999997,,6889999.999999999,110928999.99999999,9548000.0,,9702000.0,391666999.99999994,2083063376.1553593,0.02737972190096249,0.04231716778062396
2021-12-22,,15984999.999999998,0.0,0.0,,0.0,0.0,0.0,,0.0,15984999.999999998,1718694917.245255,0.0014355439424649074,0.02737972190096249
2021-12-23,,696000.0,697000.0,3484999.9999999995,,0.0,18765000.0,0.0,,0.0,23643000.0,2704476250.020294,0.0024239936330991314,0.0014355439424649074
2021-12-24,,1382000.0,0.0,0.0,,0.0,0.0,0.0,,0.0,1382000.0,942259631.3501354,0.0003354030975291175,0.0024239936330991314
2021-12-28,,0.0,2752000.0,77970000.0,,0.0,30870000.000000004,0.0,,0.0,111592000.0,1802911311.339221,0.010879376833872039,0.0003354030975291175
2021-12-29,,0.0,10140000.0,74360000.0,,0.0,64608000.00000001,0.0,,0.0,149108000.0,1113969500.063889,0.024608564057316835,0.010879376833872039
2021-12-30,,1354000.0,10140000.0,1356000.0,,0.0,151200000.0,0.0,,3400000.0000000005,167450000.0,1007612088.2544914,0.027684647718455222,0.024608564057316835
2021-12-31,,2796000.0,0.0,701000.0,,700000.0,0.0,0.0,,0.0,4197000.0,1206077446.8701887,0.0007168735772982236,0.027684647718455222
2022-01-04,,0.0,0.0,1380000.0,,0.0,45342000.0,0.0,,0.0,46722000.0,1369433859.1783721,0.004692753937714333,0.0007168735772982236
2022-01-05,,1992000.0,35748000.0,506632000.0,,30452000.0,146742000.0,0.0,,8004000.0,729570000.0,3049560938.4160676,0.042784854789471326,0.004692753937714333
2022-01-06,,29520000.0,98100000.0,218770000.0,,11101000.0,94685000.0,17469000.0,,12483000.0,482128000.0,2453830302.804891,0.02981548838511893,0.042784854789471326
2022-01-07,,9450000.0,0.0,0.0,,0.0,0.0,6660000.0,,7447000.000000001,23557000.0,2443378845.4949203,0.0017096957615937874,0.02981548838511893
2022-01-10,,1380000.0,0.0,0.0,,0.0,0.0,0.0,,0.0,1380000.0,2113873965.283682,0.00010837070514580688,0.0017096957615937874
2022-01-11,,685000.0,0.0,13779999.999999998,,0.0,0.0,0.0,,0.0,14464999.999999998,1793762207.5748572,0.0011990808475286652,0.00010837070514580688
2022-01-12,,716000.0,0.0,0.0,,0.0,0.0,0.0,,0.0,716000.0,3194027880.7126136,3.440195287404904e-05,0.0011990808475286652
2022-01-13,,0.0,0.0,0.0,,0.0,0.0,-6291000.0,,0.0,-6291000.0,2118352916.4390938,-0.00046204358680485577,3.440195287404904e-05
2022-01-14,,702000.0,0.0,0.0,,0.0,7020000.0,0.0,,0.0,7722000.0,1954120624.12215,0.000652940033584744,-0.00046204358680485577
2022-01-17,,0.0,0.0,0.0,,0.0,0.0,0.0,,0.0,0.0,1400280957.936796,0.0,0.000652940033584744
2022-01-18,,699000.0,0.0,0.0,,0.0,0.0,0.0,,0.0,699000.0,1990373713.8531787,5.364421327451251e-05,0.0
2022-01-19,,692000.0,0.0,0.0,,0.0,22112000.0,0.0,,0.0,22804000.0,1866416307.899951,0.0018667369917853538,5.364421327451251e-05
2022-01-20,,718000.0,0.0,0.0,,0.0,0.0,0.0,,0.0,718000.0,3469930270.383966,3.904247488682288e-05,0.0018667369917853538
2022-01-21,,0.0,0.0,0.0,,0.0,0.0,0.0,1018000.0,0.0,1018000.0,3093305297.960516,6.521701079333585e-05,3.904247488682288e-05
2022-01-24,,0.0,0.0,3520000.0,,0.0,10500000.0,0.0,994000.0,0.0,15014000.0,2211381720.0140567,0.0012635324835644098,6.521701079333585e-05
2022-01-25,,0.0,0.0,75702000.0,,0.0,-5424000.0,0.0,0.0,0.0,70278000.0,2598312086.193187,0.004597251503493983,0.0012635324835644098
2022-01-26,,0.0,0.0,13759999.999999998,,0.0,0.0,2708000.0,0.0,0.0,16467999.999999998,2290912058.086916,0.0012363469094260776,0.004597251503493983
2022-01-27,,0.0,0.0,341880000.0,,3942000.0,1968000.0,0.0,0.0,0.0,347790000.0,2718397801.8697066,0.024025727150055826,0.0012363469094260776
2022-01-28,,7216000.0,0.0,57246000.0,,0.0,1306000.0,0.0,0.0,0.0,65768000.0,1996020848.5276408,0.004479931666827819,0.024025727150055826
2022-02-07,,9422000.0,0.0,0.0,,0.0,0.0,0.0,0.0,0.0,9422000.0,1974707262.7373068,0.0007517069499254953,0.004479931666827819
2022-02-08,,2013000.0000000002,0.0,67300000.0,,1342000.0,16700000.000000002,0.0,0.0,0.0,87355000.0,1911954859.47622,0.007694529506600078,0.0007517069499254953
2022-02-09,,691000.0,0.0,2081999.9999999998,,0.0,0.0,1368000.0,0.0,1394000.0,5535000.0,2503157819.7149243,0.0003821619887483119,0.007694529506600078
2022-02-10,,1388000.0,0.0,13899999.999999998,,0.0,0.0,0.0,0.0,1394000.0,16681999.999999998,2016390370.1927125,0.0011560281561452754,0.0003821619887483119
2022-02-11,,683000.0,0.0,56855000.00000001,,2055000.0000000002,0.0,0.0,0.0,0.0,59593000.00000001,1767169260.435828,0.004579545558639111,0.0011560281561452754
2022-02-14,,0.0,0.0,38760000.0,,0.0,3375000.0,0.0,0.0,0.0,42135000.0,1496878694.8077977,0.004051872678410043,0.004579545558639111
2022-02-15,,0.0,0.0,173056000.0,,0.0,53760000.0,0.0,0.0,2708000.0,229524000.0,1334155261.6104336,0.02796978555578311,0.004051872678410043
2022-02-16,,0.0,0.0,0.0,,0.0,6810000.000000001,0.0,0.0,688000.0,7498000.000000001,1413613536.6500216,0.0007135793208691246,0.02796978555578311
2022-02-17,,0.0,0.0,0.0,,0.0,0.0,0.0,0.0,0.0,0.0,1424199647.5778885,0.0,0.0007135793208691246
2022-02-18,,0.0,0.0,6147000.0,,0.0,0.0,0.0,0.0,0.0,6147000.0,3084713611.2753825,0.0005610763455751993,0.0
2022-02-21,,0.0,3285000.0,248724000.0,,3942000.0,69536000.0,0.0,0.0,0.0,325487000.0,3882285200.7118196,0.02615494209666247,0.0005610763455751993
2022-02-22,,10863000.0,43452000.0,218240000.0,,13377000.0,137376000.0,3150000.0,0.0,8359000.0,434817000.0,3026861779.4325233,0.026818300916085433,0.02615494209666247
2022-02-23,,29295000.0,6510000.0,79544000.0,,1300000.0,0.0,6410000.0,926000.0,6530000.0,130515000.0,2189325724.835445,0.008567856596189824,0.026818300916085433
2022-02-24,,3768000.0,24414000.0,265016000.0,,9390000.0,113568000.0,0.0,0.0,0.0,416156000.0,3144080439.4159393,0.021381660834471027,0.008567856596189824
2022-02-25,,14467000.0,0.0,63327000.0,,0.0,6230000.0,3720000.0,1796000.0,13882000.0,103422000.0,2273584811.8693743,0.007932969129605708,0.021381660834471027
2022-02-28,,1242000.0,12420000.0,333477000.0,,4340000.0,35169000.0,0.0,0.0,0.0,386648000.0,2582783021.0446987,0.024809667598836436,0.007932969129605708
2022-03-01,,5056000.0,0.0,59502000.0,,8216000.0,0.0,0.0,0.0,3810000.0,76584000.0,1816699199.01021,0.006637839599365225,0.024809667598836436
2022-03-02,,619000.0,32032000.0,24640000.0,,0.0,93176000.0,0.0,0.0,1860000.0,152327000.0,1906239591.6956732,0.01121559383031051,0.006637839599365225
2022-03-03,,7248000.0,109686000.0,124435000.0,,62212000.0,103113000.0,2388000.0,0.0,9105000.0,418187000.0,1924611222.4857635,0.02699384847638555,0.01121559383031051
2022-03-04,,12201000.0,80759000.0,284690000.0,,0.0,88858000.0,11460000.0,0.0,9328000.0,487296000.0,3777891417.7787495,0.019371661388699796,0.02699384847638555
2022-03-07,,18513000.0,94860000.00000001,374976000.00000006,,5580000.000000001,86180000.00000001,3300000.0000000005,0.0,12880000.000000002,596289000.0000001,3616955736.076048,0.0234471485809623,0.019371661388699796
2022-03-08,,17754000.0,5896000.0,161100000.0,,0.0,106465000.0,6877000.0,773000.0,5400000.0,304265000.0,2918268758.282106,0.015020401099823673,0.0234471485809623
2022-03-09,,18122000.0,42560000.0,160800000.0,,8512000.0,106000000.0,3144000.0,0.0,7532000.000000001,346670000.0,2918660303.239285,0.016056586333299074,0.015020401099823673
2022-03-10,,10203000.0,0.0,161700000.0,,5907000.0,46719000.0,1590000.0,0.0,3780000.0000000005,229899000.0,2260265128.3604794,0.014682929837485415,0.016056586333299074
2022-03-11,,1545000.0,152515000.0,156300000.0,,5160000.0,224378000.0,1527000.0,0.0,1038000.0,542463000.0,4033395682.306285,0.024867273250817105,0.014682929837485415
2022-03-14,,26125000.0,93378000.0,144600000.0,,29388000.0,350760000.0,7504000.0,689000.0,3824000.0,656268000.0,4726424193.827149,0.026792946416649983,0.024867273250817105
2022-03-15,,36022000.0,206928000.0,131700000.0,,44290000.0,413760000.0,12412000.0,1896000.0,22672000.0,869680000.0,6317462020.790807,0.027683574648551184,0.026792946416649983
2022-03-16,,46746000.0,10925000.0,193200000.0,,0.0,8058000.0,15543000.0,0.0,27360000.0,301832000.0,7503508443.102661,0.007890544710122103,0.027683574648551184
2022-03-17,,525000.0,0.0,-4248000.0,,0.0,0.0,5180000.0,0.0,0.0,1457000.0,6904965236.281705,3.730043421443842e-05,0.007890544710122103
2022-03-18,,0.0,0.0,547000.0,,0.0,4384000.0,0.0,0.0,12673000.000000002,17604000.0,3666068131.0133824,0.0006988832941108189,3.730043421443842e-05
2022-03-21,,3246000.0,-5410000.0,2160000.0,,0.0,-541000.0,0.0,0.0,0.0,-545000.0,2983431480.93376,-3.2494740948056326e-05,0.0006988832941108189
2022-03-22,,553000.0,-22200000.000000004,0.0,,0.0,-2770000.0000000005,0.0,0.0,0.0,-24417000.000000004,2860549901.598839,-0.0014375271539778594,-3.2494740948056326e-05
2022-03-23,,0.0,-48472000.0,-2905000.0,,-20335000.0,-172854000.0,-575000.0,0.0,-4087999.9999999995,-249229000.0,4305844693.772846,-0.011127582335709325,-0.0014375271539778594
2022-03-24,,567000.0,0.0,0.0,,0.0,567000.0,-3360000.0000000005,0.0,-3419999.9999999995,-5646000.0,3111737803.3829246,-0.0003114592823957745,-0.011127582335709325
2022-03-25,,0.0,-35644000.0,0.0,,0.0,0.0,0.0,0.0,1072000.0,-34572000.0,3084046900.602332,-0.0017275839321465429,-0.0003114592823957745
2022-03-28,,1088000.0,-4896000.0,0.0,,0.0,-5450000.0,0.0,0.0,-3282000.0000000005,-12540000.0,2916736460.2211637,-0.0008675679710461466,-0.0017275839321465429
2022-03-29,,557000.0,-13975000.000000002,-22320000.000000004,,-11160000.000000002,-4456000.0,0.0,0.0,0.0,-51354000.00000001,2717838459.295739,-0.004199982564797446,-0.0008675679710461466
2022-03-30,,565000.0,0.0,-16980000.0,,0.0,-11319999.999999998,0.0,0.0,0.0,-27735000.0,3079352069.618755,-0.001609727833153925,-0.004199982564797446
2022-03-31,,0.0,0.0,0.0,,0.0,0.0,0.0,0.0,0.0,0.0,1484739202.8856654,0.0,-0.001609727833153925
2022-04-01,,0.0,0.0,0.0,,0.0,546000.0,0.0,0.0,0.0,546000.0,1626471831.6911485,5.272335647487062e-05,0.0
2022-04-06,,0.0,0.0,-24166000.000000004,,0.0,-11259999.999999998,0.0,0.0,0.0,-35426000.0,2109008402.377295,-0.002082575080132547,5.272335647487062e-05
2022-04-07,,-1088000.0,0.0,0.0,,0.0,0.0,-1078000.0,0.0,-1100000.0,-3266000.0,1951209387.8449283,-0.00023052380569673378,-0.002082575080132547
2022-04-08,,-536000.0,0.0,0.0,,0.0,0.0,0.0,0.0,1080000.0,544000.0,1777266789.748199,4.6091899540638486e-05,-0.00023052380569673378
2022-04-11,,508000.0,1020000.0,2550000.0,,0.0,0.0,0.0,0.0,0.0,4078000.0,2011069258.3992445,0.0002923705368256863,4.6091899540638486e-05
2022-04-12,,1044000.0,0.0,2615000.0,,0.0,522000.0,0.0,0.0,0.0,4181000.0,2536491818.2194996,0.00029741424151085816,0.0002923705368256863
2022-04-13,,0.0,0.0,0.0,,0.0,0.0,0.0,0.0,0.0,0.0,1730553501.5240135,0.0,0.00029741424151085816
2022-04-14,,0.0,0.0,0.0,,0.0,0.0,-2595000.0,0.0,0.0,-2595000.0,1662720735.777803,-0.0002470997339262701,0.0
2022-04-19,,0.0,0.0,0.0,,0.0,-10140000.0,0.0,0.0,0.0,-10140000.0,1693639535.0656304,-0.0009234801066896719,-0.0002470997339262701
2022-04-20,,0.0,0.0,1016000.0,,1014000.0,-10140000.0,0.0,0.0,0.0,-8110000.0,1115203789.9580185,-0.0009007259251701844,-0.0009234801066896719
2022-04-21,,0.0,1476000.0,86275000.0,,2455000.0,-3928000.0,0.0,0.0,-494000.0,85784000.0,2097721699.6012304,0.007485178728412198,-0.0009007259251701844
2022-04-22,,986000.0,0.0,10868000.0,,0.0,-9860000.0,972000.0,0.0,-4960000.0,-1994000.0,1869760470.9567003,-0.00018260952645019594,0.007485178728412198
2022-04-25,,0.0,0.0,70924000.0,,-4760000.0,98592000.0,0.0,0.0,0.0,164756000.0,2012666106.8293607,0.013462992560092313,-0.00018260952645019594
2022-04-26,,2450000.0,0.0,0.0,,0.0,-14760000.0,0.0,0.0,9880000.0,-2430000.0,2153868633.7137127,-0.0001673526786332978,0.013462992560092313
2022-04-27,,0.0,-30060000.0,0.0,,0.0,145290000.0,0.0,2196000.0,0.0,117426000.0,2171527702.522469,0.008538620809243187,-0.0001673526786332978
2022-04-28,,0.0,-20440000.0,27995000.0,,1527000.0,194180000.0,0.0,2944000.0,0.0,206206000.0,1705900913.8615015,0.01836540626051066,0.008538620809243187
2022-04-29,,0.0,0.0,34658000.0,,0.0,50960000.00000001,0.0,-4015000.0000000005,-8992000.0,72611000.0,4886418017.5041895,0.0031216432460497803,0.01836540626051066
2022-05-05,,0.0,0.0,47872000.0,,0.0,34752000.0,0.0,-6966000.0,0.0,75658000.0,2086170816.5528471,0.005686827520183015,0.0031216432460497803
2022-05-06,,0.0,0.0,39140000.0,,515000.0,2060000.0,-2535000.0,-5180000.0,-2072000.0,31928000.0,2220002852.080461,0.002087939522395822,0.005686827520183015
2022-05-10,,0.0,7560000.0,55833000.0,,0.0,16566000.0,0.0,-7220000.0,0.0,72739000.0,2876985236.7159405,0.003879380587018022,0.002087939522395822
2022-05-11,,0.0,5180000.0,26367000.0,,0.0,10836000.0,0.0,-5960000.0,2072000.0,38495000.0,2808240148.0404353,0.0018326143793969598,0.003879380587018022
2022-05-12,,504000.0,2530000.0,78275000.0,-35243974.546,0.0,12550000.0,0.0,-726000.0,1014000.0,58903025.454,2579757297.984223,0.003717903374608901,0.0018326143793969598
2022-05-13,,0.0,0.0,21525000.0,-44704000.0,0.0,-5230000.0,0.0,0.0,6864000.0,-21545000.0,2433595237.9962416,-0.0013793239518724303,0.003717903374608901
2022-05-16,,1569000.0,2630000.0,484575000.0,-39819000.0,0.0,0.0,0.0,0.0,0.0,448955000.0,1765166830.2707403,0.037587342367942075,-0.0013793239518724303
2022-05-17,,0.0,2760000.0,0.0,-32310000.0,0.0,0.0,0.0,0.0,0.0,-29550000.0,2956517446.047068,-0.0015923030113832854,0.037587342367942075
2022-05-18,,0.0,2740000.0,154536000.0,-21280000.0,0.0,6552000.000000001,0.0,-788000.0,2760000.0,144520000.0,2428635756.9907203,0.009829322389620324,-0.0015923030113832854
2022-05-19,,0.0,0.0,106600000.0,-10250000.0,0.0,2132000.0,0.0,-768000.0,6968000.0,104682000.0,3313965314.469981,0.006849379148093187,0.009829322389620324
2022-05-20,,1647000.0000000002,6588000.000000001,37332000.0,-4276000.0,0.0,0.0,0.0,0.0,5520000.0,46811000.0,2288878224.0348754,0.0027699138544556596,0.006849379148093187
2022-05-23,,1074000.0,9630000.0,107000000.0,0.0,0.0,0.0,-3156000.0,0.0,0.0,114548000.0,2002302979.62832,0.008050689326221916,0.0027699138544556596
2022-05-24,,1548000.0,24720000.0,102600000.0,0.0,0.0,153600000.0,0.0,0.0,5200000.0,287668000.0,2019193491.7370923,0.01967062620098839,0.008050689326221916
2022-05-25,,9342000.0,3114000.0,81483000.0,0.0,0.0,0.0,2044000.0,0.0,3661000.0,99644000.0,1867328249.5571973,0.006695109233946147,0.01967062620098839
2022-05-26,,9861000.0,2076000.0,168542000.0,-980000.0,2080000.0,21238000.0,0.0,0.0,10440000.0,213257000.0,1661440769.4579673,0.016499417459488797,0.006695109233946147
2022-05-27,,6444000.0,3228000.0,5918000.0,-3050999.9999999995,540000.0,0.0,0.0,0.0,5410000.0,18489000.0,2565538486.401419,0.0012312439401788856,0.016499417459488797
2022-05-30,,1108000.0,2216000.0,1106000.0,-5255000.0,0.0,2770000.0000000005,0.0,0.0,0.0,1945000.0000000005,2665517472.359423,0.00011036108523021784,0.0012312439401788856
2022-05-31,,0.0,2280000.0,0.0,-5405000.0,0.0,0.0,0.0,0.0,0.0,-3125000.0,5741242826.073524,-0.00010095059129186328,0.00011036108523021784
2022-06-01,,0.0,1700999.9999999998,0.0,-1073000.0,568000.0,0.0,0.0,0.0,1142000.0,2338000.0,2449082565.535188,0.0001534491780136985,-0.00010095059129186328
2022-06-02,,565000.0,1128000.0,0.0,-3204000.0,0.0,1691999.9999999998,-2216000.0,0.0,0.0,-2035000.0000000002,1893305901.488933,-0.00013919243928460972,0.0001534491780136985
2022-06-06,,0.0,26587999.999999996,0.0,-2196000.0,0.0,4052999.9999999995,0.0,0.0,0.0,28444999.999999996,3178516249.2630076,0.001442485624611859,-0.00013919243928460972
2022-06-07,,0.0,0.0,0.0,-557000.0,0.0,0.0,0.0,0.0,0.0,-557000.0,3234957349.033601,-2.67369928532058e-05,0.001442485624611859
2022-06-08,,1224000.0,0.0,0.0,-1738500.0,0.0,0.0,0.0,0.0,0.0,-514500.0,5034748833.10226,-1.8901433508949374e-05,-2.67369928532058e-05
2022-06-09,,0.0,0.0,0.0,-1138000.0,0.0,2404000.0,-1180000.0,0.0,0.0,86000.0,4479800168.145514,3.362197987534523e-06,-1.8901433508949374e-05
2022-06-10,,0.0,0.0,0.0,-583000.0,0.0,0.0,0.0,0.0,0.0,-583000.0,4917713761.764848,-1.6106885062802623e-05,3.362197987534523e-06
2022-06-13,,0.0,0.0,0.0,2268000.0,0.0,0.0,-3522000.0,0.0,0.0,-1254000.0,3421647871.2988243,-5.300559124585946e-05,-1.6106885062802623e-05
2022-06-14,,0.0,93756000.0,0.0,0.0,0.0,0.0,0.0,0.0,2412000.0,96168000.0,2671732665.7311597,0.005378317435949045,-5.300559124585946e-05
2022-06-15,,1206000.0,604000.0,0.0,-2290000.0,0.0,0.0,0.0,0.0,0.0,-480000.0,2561742095.9148684,-2.5344763399372305e-05,0.005378317435949045
2022-06-16,,2360000.0,0.0,5850000.0,0.0,0.0,87750000.0,-578000.0,0.0,0.0,95382000.0,2809210807.1190906,0.00479898608885208,-2.5344763399372305e-05
2022-06-17,,0.0,0.0,0.0,0.0,1791000.0,0.0,-1170000.0,0.0,-601000.0,20000.0,4277702754.536394,8.479035690923379e-07,0.00479898608885208
2022-06-20,,598000.0,5990000.0,-1192000.0,0.0,0.0,0.0,0.0,0.0,9030000.0,14426000.0,2143946548.058875,0.0009433937412547333,8.479035690923379e-07
2022-06-21,,3642000.0,0.0,605000.0,0.0,0.0,0.0,-1192000.0,868000.0,3060000.0,6983000.0,1951743089.086709,0.00045814638121453546,0.0009433937412547333
2022-06-22,,0.0,2965000.0,0.0,0.0,0.0,25413000.0,0.0,0.0,0.0,28378000.0,2134303816.5822814,0.0018183516803659445,0.00045814638121453546
2022-06-23,,3015000.0,3015000.0,15000000.0,0.0,0.0,99165000.0,0.0,-1722000.0,3030000.0,121503000.0,2155358308.655551,0.007962763584032502,0.0018183516803659445
2022-06-24,,6230000.0,0.0,0.0,-587000.0,0.0,0.0,0.0,0.0,0.0,5643000.0,2759518730.766246,0.0002786107041638952,0.007962763584032502
2022-06-27,,1296000.0,0.0,6450000.0,-609000.0,0.0,86430000.0,0.0,0.0,0.0,93567000.0,4871337382.597221,0.0029009012861253253,0.0002786107041638952
2022-06-28,,656000.0,0.0,21516000.0,0.0,0.0,78480000.0,0.0,0.0,13160000.0,113812000.0,4006395408.225499,0.004513950655451864,0.0029009012861253253
2022-06-29,,13882000.0,0.0,150570000.0,0.0,0.0,245700000.0,0.0,0.0,12680000.0,422832000.0,2924080275.4350414,0.017410862068375277,0.004513950655451864
2022-06-30,,37560000.0,6250000.0,54114000.0,-30.862000000000002,0.0,8099000.0,0.0,904000.0,12560000.0,119486969.138,2597560098.000445,0.006203934967086542,0.017410862068375277
2022-07-04,,0.0,0.0,58218000.0,596500.0,0.0,0.0,0.0,1804000.0,0.0,60618500.0,2402128708.8473396,0.0036614427356336156,0.006203934967086542
2022-07-05,,12560000.0,6290000.0,45072000.0,0.0,0.0,0.0,1854000.0,0.0,12600000.0,78376000.0,1892793902.0731387,0.0050823523141469845,0.0036614427356336156
2022-07-06,,18330000.0,18360000.0,51156000.0,6369000.0,0.0,164700000.0,0.0,0.0,12300000.0,271215000.0,2173331547.637373,0.016167897881784837,0.0050823523141469845
2022-07-07,,10421000.0,6140000.0,0.0,0.0,3070000.0,6110000.0,0.0,0.0,12300000.0,38041000.0,1809641345.6907654,0.002693253976891227,0.016167897881784837
2022-07-08,,4928000.0,0.0,0.0,0.0,0.0,0.0,3035000.0,0.0,12400000.0,20363000.0,1880703956.0190747,0.0015499310420312455,0.002693253976891227
2022-07-11,,1184000.0,0.0,0.0,0.0,1190000.0,0.0,0.0,0.0,11920000.0,14294000.0,2182343771.2566695,0.001102583788017071,0.0015499310420312455
2022-07-12,,10548000.0,1761000.0,164406000.0,1109000.0,2940000.0,0.0,0.0,0.0,11800000.0,192564000.0,1890810837.887646,0.014646393632147117,0.001102583788017071
2022-07-13,,1773000.0,0.0,0.0,0.0,2960000.0,588000.0,0.0,0.0,2970000.0,8291000.0,1529390486.1009524,0.0006568231315774484,0.014646393632147117
2022-07-14,,1184000.0,0.0,0.0,2244000.0,0.0,0.0,0.0,0.0,2980000.0,6408000.0,1513822182.2502985,0.0005563644430470934,0.0006568231315774484
2022-07-15,,4608000.0,0.0,44772000.0,3270000.0000000005,11540000.0,0.0,0.0,0.0,0.0,64190000.0,1921739442.5961251,0.005620458599272474,0.0005563644430470934
2022-07-18,,12432000.0,2965000.0,0.0,21801000.000000004,0.0,0.0,8760000.0,2562000.0,2975000.0,51495000.0,1989756305.9404845,0.0036878030752645176,0.005620458599272474
2022-07-19,,2920000.0,1758000.0,17490000.0,9918000.0,2925000.0,0.0,0.0,3372000.0,0.0,38383000.0,1205711769.7497625,0.004879420906911008,0.0036878030752645176
2022-07-20,,7722000.0,1788000.0,0.0,-5595000.0,0.0,0.0,0.0,0.0,2985000.0,6900000.0,1545641210.9497867,0.0006649101504845066,0.004879420906911008
2022-07-21,,593000.0,1190000.0,0.0,-7826000.000000001,0.0,0.0,0.0,0.0,0.0,-6043000.000000001,1755713055.1614208,-0.000516600446632573,0.0006649101504845066
2022-07-22,,1788000.0,0.0,0.0,-11190000.0,5980000.0,0.0,0.0,0.0,0.0,-3422000.0,1254942996.7215784,-0.000355322963517643,-0.000516600446632573
2022-07-25,,0.0,0.0,64239999.99999999,0.0,14675000.0,12848000.0,0.0,0.0,0.0,91763000.0,1410809524.4769208,0.008925392306699071,-0.000355322963517643
2022-07-26,,0.0,2380000.0,0.0,0.0,0.0,0.0,0.0,0.0,4200000.0,6580000.0,1461854145.828084,0.0006434621451229376,0.008925392306699071
2022-07-27,,0.0,0.0,0.0,0.0,2935000.0,0.0,0.0,0.0,0.0,2935000.0,1432234325.6910634,0.0003699325780148682,0.0006434621451229376
2022-07-28,,587000.0,0.0,0.0,-551000.0,0.0,0.0,0.0,0.0,0.0,36000.0,1439438040.6578228,2.8637861531829643e-06,0.0003699325780148682
2022-07-29,,5600000.000000001,31304000.000000004,108780000.00000001,-523499.99999999994,13416000.000000002,11120000.000000002,0.0,8040000.000000001,0.0,177736500.00000003,2883734883.9588695,0.012068435732550403,2.8637861531829643e-06
2022-08-01,,46563000.00000001,5620000.000000001,0.0,0.0,2248000.0,0.0,0.0,0.0,5649999.999999999,60081000.00000001,2211518747.8909807,0.005077953744899967,0.012068435732550403
2022-08-02,,3252000.0,10900000.0,0.0,0.0,35295000.0,10840000.0,2680000.0,0.0,0.0,62967000.0,2352236111.8930173,0.004986581905573565,0.005077953744899967
2022-08-03,,7658000.000000001,5500000.0,0.0,0.0,2196000.0,5470000.0,0.0,0.0,33120000.000000004,53944000.0,1664622316.4298627,0.004766558640566425,0.004986581905573565
2022-08-04,,565000.0,0.0,0.0,-530500.0,2264000.0,0.0,0.0,-4884000.0,0.0,-2585500.0,1581075787.6625645,-0.00022619121381960952,0.004766558640566425
2022-08-05,,1709999.9999999998,1144000.0,0.0,0.0,2280000.0,0.0,0.0,0.0,0.0,5134000.0,1329401791.2198367,0.0005089789624420396,-0.00022619121381960952
2022-08-08,,0.0,0.0,0.0,0.0,2248000.0,2810000.0000000005,0.0,0.0,0.0,5058000.0,1231423103.8211296,0.0005830400474637903,0.0005089789624420396
2022-08-09,,0.0,5590000.000000001,11100000.000000002,0.0,7826000.000000001,5560000.000000001,0.0,0.0,0.0,30076000.000000004,1248133239.896756,0.0037334794227576627,0.0005830400474637903
2022-08-10,,0.0,21520000.0,83080000.0,0.0,4304000.0,21480000.0,2650000.0,3890000.0,0.0,136924000.0,1405409188.6652195,0.014065768185496583,0.0037334794227576627
2022-08-11,,5560000.000000001,6696000.000000001,0.0,0.0,2228000.0,9452000.0,0.0,0.0,0.0,23936000.0,1496046732.969947,0.002238735752786127,0.014065768185496583
2022-08-12,,2244000.0,0.0,0.0,0.0,2252000.0,0.0,0.0,0.0,0.0,4496000.0,1088841034.7456357,0.0005391518117803767,0.002238735752786127
2022-08-15,,1683000.0000000002,0.0,0.0,0.0,2252000.0,0.0,0.0,0.0,0.0,3935000.0,940103551.5583142,0.000527289438750416,0.0005391518117803767
2022-08-16,,0.0,0.0,27350000.000000004,0.0,4392000.0,0.0,0.0,794000.0,0.0,32536000.000000004,2091236273.7963836,0.0032145838890887744,0.000527289438750416
2022-08-17,,0.0,2770000.0000000005,0.0,0.0,4424000.0,0.0,0.0,0.0,0.0,7194000.0,1449508374.6609478,0.0009188620771444286,0.0032145838890887744
2022-08-18,,0.0,0.0,0.0,0.0,4368000.0,0.0,0.0,792000.0,0.0,5160000.0,1688846484.142947,0.0005743020552509628,0.0009188620771444286
2022-08-19,,546000.0,0.0,0.0,0.0,4368000.0,0.0,0.0,0.0,0.0,4914000.0,1513979238.72977,0.0005401964696277527,0.0005743020552509628
2022-08-22,,0.0,0.0,0.0,0.0,8736000.0,0.0,0.0,0.0,0.0,8736000.0,1338739904.5308359,0.0007696660796199478,0.0005401964696277527
2022-08-23,,0.0,0.0,0.0,0.0,8672000.0,0.0,0.0,0.0,0.0,8672000.0,1243874093.2671497,0.0008957925139162375,0.0007696660796199478
2022-08-24,,0.0,0.0,529000.0,0.0,4248000.0,0.0,0.0,3080000.0,0.0,7857000.0,1649260996.6732078,0.0006038483171925614,0.0008957925139162375
2022-08-25,,14904000.000000002,4440000.0,0.0,0.0,0.0,0.0,0.0,0.0,4448000.0,23792000.0,2027138163.6218133,0.001998058773581999,0.0006038483171925614
2022-08-26,,0.0,0.0,0.0,0.0,0.0,0.0,0.0,0.0,0.0,0.0,2070336414.720002,0.0,0.001998058773581999
2022-08-29,,2248000.0,0.0,0.0,6336000.0,4504000.0,562000.0,0.0,0.0,0.0,13650000.0,1803168228.0722978,0.0014265760376437019,0.0
2022-08-30,,0.0,3342000.0000000005,553000.0,0.0,2224000.0,0.0,0.0,0.0,4480000.0,10599000.0,1598899316.4632566,0.0008197295477461496,0.0014265760376437019
2022-08-31,,0.0,0.0,0.0,0.0,2260000.0,0.0,0.0,0.0,2280000.0,4540000.0,2971005740.9357376,0.00026158471374369363,0.0008197295477461496
2022-09-01,,553000.0,0.0,0.0,1038000.0,4432000.0,0.0,0.0,0.0,4456000.0,10479000.0,1894760338.8127654,0.0008519005952410242,0.00026158471374369363
2022-09-02,,0.0,0.0,0.0,0.0,8784000.0,0.0,0.0,0.0,4416000.0,13200000.0,2074787296.6785607,0.0006021818186712646,0.0008519005952410242
2022-09-05,,1080000.0,0.0,1617000.0,3042000.0,4328000.0,0.0,0.0,0.0,8704000.0,18771000.0,1532687950.6410725,0.0014362786447181912,0.0006021818186712646
2022-09-06,,0.0,3801000.0000000005,0.0,13689000.0,8672000.0,540000.0,0.0,0.0,4360000.0,31062000.0,1080375101.2994304,0.003655922790416043,0.0014362786447181912
2022-09-07,,2140000.0,3234000.0,48685000.0,1501499.9999999998,8576000.0,1072000.0,-529000.0,0.0,8608000.0,73287500.0,1195731249.3614683,0.006957410349581428,0.003655922790416043
2022-09-08,,20709000.0,0.0,9540000.0,0.0,4248000.0,0.0,-524000.0,0.0,9078000.0,43051000.0,1313530527.213006,0.004240138965369048,0.006957410349581428
2022-09-09,,2705000.0,4896000.0,1080000.0,2020000.0,4328000.0,0.0,0.0,0.0,4360000.0,19389000.0,1333882364.6991003,0.001864793722793157,0.004240138965369048
2022-09-13,-94619980.08,2160000.0,5973000.0,539000.0,0.0,4312000.0,0.0,0.0,0.0,4352000.0,-77283980.08,1356774255.3450434,-0.007259631233094644,0.001864793722793157
2022-09-14,-6797000.0,529000.0,0.0,18972000.0,11784000.0,4216000.0,6851000.0,0.0,0.0,4248000.0,39803000.0,1347716288.6342137,0.003953346667324136,-0.007259631233094644
2022-09-15,-972000.0,5270000.0,6890000.0,16832000.0,9810000.0,4208000.0,0.0,0.0,0.0,4232000.0,46270000.0,965501560.2126085,0.005445538073633109,0.003953346667324136
2022-09-16,-1914000.0,4689000.0,0.0,65394000.0,37037000.0,4152000.0,23355000.0,0.0,-1510000.0,4176000.0,135379000.0,1826172666.6543806,0.008748126022438796,0.005445538073633109
2022-09-19,-1882000.0,4056000.0,0.0,80800000.0,0.0,4040000.0,43095000.0,0.0,0.0,4072000.0,134181000.0,1462602237.1795824,0.011463505147721037,0.008748126022438796
2022-09-20,-12519000.0,5170000.0,7266000.0,10320000.0,0.0,0.0,49115000.0,0.0,0.0,4160000.0,63512000.0,1164732740.9519126,0.006456911059853187,0.011463505147721037
2022-09-21,-1878000.0,3042000.0,6617000.0,11110000.0,9310000.0,4040000.0,82820000.0,0.0,0.0,0.0,115061000.0,1217038025.4277503,0.01168845257324436,0.006456911059853187
2022-09-22,0.0,17290000.0,28329000.0,117572000.0,908000.0,3458000.0,292636000.0,0.0,0.0,10890000.0,471083000.0,1332204962.976335,0.04487501136896668,0.01168845257324436
2022-09-23,-910000.0,18130000.0,7888000.0,80685000.0,-449000.0,7335000.0,138308000.0,3402000.0,0.0,14700000.0,269089000.0,1267606675.7452002,0.025844485671350153,0.04487501136896668
2022-09-26,0.0,12818000.0,2490000.0,0.0,2262500.0,7410000.0,30256000.0,490000.0,0.0,3952000.0,59678500.0,1567368432.4483538,0.005401870335866125,0.025844485671350153
2022-09-27,-8379000.0,4980000.0,0.0,19960000.0,0.0,0.0,-31744000.0,0.0,0.0,0.0,-15183000.0,1517886994.1359906,-0.0015058507776634959,0.005401870335866125
2022-09-28,-910000.0,15066000.0,3430000.0,48800000.0,0.0,0.0,54579000.0,968000.0,0.0,976000.0,122909000.0,1530387892.835757,0.010023360783027027,-0.0015058507776634959
2022-09-29,-5346000.0,20034000.0,1916000.0,47800000.0,0.0,0.0,0.0,472000.0,1396000.0,477000.0,66749000.0,1525034777.5019586,0.005613240376367035,0.010023360783027027
2022-09-30,-7938000.0,466000.0,0.0,46800000.0,-3856522.282,0.0,0.0,462000.0,0.0,0.0,35933477.718,1439520904.0872567,0.0037249210377801292,0.005613240376367035
2022-10-10,0.0,0.0,2320000.0,105569000.0,-5498978.004,0.0,-82898000.0,457000.0,0.0,0.0,19949021.996000007,1347310845.0674644,0.002089104439498935,0.0037249210377801292
2022-10-11,0.0,452000.0,20976000.0,95130000.0,-414000.0,0.0,74250000.0,0.0,0.0,0.0,190394000.0,1578584346.4487877,0.018554487969763556,0.002089104439498935
2022-10-12,0.0,22442000.0,88320000.0,279000000.0,0.0,0.0,106704000.0,2265000.0,0.0,0.0,498731000.0,2050922512.647992,0.035835314911980116,0.018554487969763556
2022-10-13,0.0,27657000.0,132600000.0,266400000.0,0.0,1314000.0,131100000.0,10875000.0,0.0,3094000.0,573040000.0,1218593016.935186,0.05798584513788104,0.035835314911980116
2022-10-14,-835000.0,28925000.0,134100000.0,536400000.0,-3256000.0,3552000.0,44300000.0,23373000.0,0.0,4928000.0,771487000.0,1682105425.7030602,0.06707678202865197,0.05798584513788104
2022-10-17,-824000.0,51129000.0,132000000.0,529200000.0,0.0,5668000.0,43700000.0,2610000.0,0.0,7497000.0,770980000.0,1598988221.0632405,0.06742414402911943,0.06707678202865197
2022-10-18,0.0,65992000.0,137400000.0,546000000.0,0.0,2718000.0,45200000.0,18491000.0,0.0,34050000.0,849851000.0,1463445483.8778477,0.06806830374428147,0.06742414402911943
2022-10-19,0.0,47080000.0,134100000.0,532800000.0,4040000.0000000005,1326000.0,132300000.0,0.0,1314000.0,16391000.0,869351000.0,1342959409.5004053,0.08176370383156963,0.06806830374428147
2022-10-20,8070000.000000001,77468000.0,130200000.0,43300000.0,3930000.0,11180000.0,257400000.0,0.0,6380000.0,17712000.0,555640000.0,2548048107.4505515,0.03249257498114097,0.08176370383156963
2022-10-21,0.0,55212000.0,130800000.0,43300000.0,3930000.0,3879000.0,256800000.0,44084000.0,0.0,28446000.0,566451000.0,1536634296.989266,0.0494322918460238,0.03249257498114097
2022-10-24,2202000.0,13685000.0,120300000.0,40000000.0,7150000.0,59343000.0,237000000.0,2334000.0,14016000.0,25545000.0,521575000.0,3995109933.681034,0.027582023065434006,0.0494322918460238
2022-10-25,0.0,176314000.0,121800000.00000001,40700000.0,7280000.0,30000000.0,160400000.0,66466000.0,2995000.0,95200000.0,701155000.0,3163079952.8679767,0.03845841172834583,0.027582023065434006
2022-10-26,-3032000.0,45942000.0,123000000.0,205000000.0,6624000.0,7325999.999999999,161190000.0,8866000.0,0.0,33292000.000000004,588208000.0,2394014873.2468653,0.03984387435443386,0.03845841172834583
2022-10-27,-3860000.0,27269000.0,87150000.0,207000000.0,-747000.0,0.0,163200000.0,406000.0,0.0,2870000.0,483288000.0,2230203971.2524714,0.034564971288113505,0.03984387435443386
2022-10-28,0.0,0.0,83709000.0,196500000.0,-354000.0,7002000.0,232800000.0,0.0,0.0,0.0,519657000.0,1935891943.2049274,0.04064249941364271,0.034564971288113505
2022-10-31,17928000.0,30020000.0,6432000.0,200000000.0,0.0,0.0,237000000.0,1980000.0,0.0,1995000.0,495355000.0,1990522834.624673,0.03704903552754919,0.04064249941364271
2022-11-01,0.0,10625000.0,433000.0,433000000.0,779000.0,0.0,254748000.0,0.0,0.0,12840000.0,712425000.0,3342527044.48874,0.03621969176918148,0.03704903552754919
2022-11-02,6520000.0,30030000.0,439000.0,43700000.0,-2765000.0,0.0,258068000.0,0.0,3250000.0,12990000.0,352232000.0,1850910938.4472992,0.026525969177512945,0.03621969176918148
2022-11-03,7930000.0,840000.0,43228000.0,42700000.0,-1156500.0,0.0,252000000.0,0.0,1264000.0,0.0,346805500.0,1542345732.985148,0.030380103588527167,0.026525969177512945
2022-11-04,9438000.0,0.0,-22950000.0,45500000.0,-8300000.0,0.0,135000000.0,0.0,0.0,13224000.0,171912000.0,3797700496.248438,0.007643750293116865,0.030380103588527167
2022-11-07,17640000.0,1852000.0,0.0,46800000.0,-8141500.0,0.0,-138900000.0,-3227000.0,0.0,-78624000.0,-162600500.0,2598882609.7376313,-0.008101854759770735,0.007643750293116865
2022-11-08,17360000.0,0.0,0.0,231000000.0,422500.0,0.0,-137100000.0,-3206000.0,1370000.0,7854000.0,117700500.0,1649622616.3505914,0.010040127062212115,-0.008101854759770735
2022-11-09,15210000.0,0.0,0.0,224000000.0,-823000.0,0.0,0.0,0.0,5312000.0,13500000.0,257199000.0,1701273109.4263067,0.021696774224515724,0.010040127062212115
2022-11-10,15656000.0,0.0,0.0,218500000.0,0.0,3512000.0,45675000.0,0.0,0.0,13170000.0,296513000.0,1326337918.0830803,0.03195211399824923,0.021696774224515724
2022-11-11,3544000.0,0.0,-56287000.0,-120228000.0,-8600000.0,3752000.0,-139500000.0,0.0,0.0,14100000.0,-303219000.0,3306793362.15796,-0.01330979048819263,0.03195211399824923
2022-11-14,11765000.0,-45881000.0,-57477000.0,-36100000.0,-439000.0,0.0,-118750000.0,-16449999.999999998,0.0,-51146000.0,-314478000.0,3159713706.535744,-0.013974514195279158,-0.01330979048819263
2022-11-15,14370000.0,-45955000.0,-102800000.0,-86526000.0,0.0,0.0,-152100000.0,-3521000.0,751000.0,15360000.0,-360421000.0,4248192201.516766,-0.014515908266089086,-0.013974514195279158
2022-11-16,14325000.0,0.0,-153300000.0,-9576000.0,-466000.0,0.0,34638000.0,-2500000.0,747000.0,-66170000.0,-182302000.0,3494905329.9720993,-0.007933540627598339,-0.014515908266089086
2022-11-17,20856000.0,9000000.0,-101291000.0,503000.0,9260000.0,0.0,139779000.0,499000.0,1488000.0,15180000.0,95274000.0,3840200581.657305,0.005131305838923287,-0.007933540627598339
2022-11-18,14370000.0,37222000.0,-30780000.0,-121200000.0,0.0,0.0,-29736000.0,0.0,0.0,15270000.0,-114854000.0,3160493186.9039125,-0.006472209957072063,0.005131305838923287
2022-11-21,18700000.0,0.0,0.0,497000.0,0.0,0.0,4950000.0,0.0,0.0,15000000.0,39147000.0,1954570538.894627,0.0027671193141311492,-0.006472209957072063
2022-11-22,13590000.0,0.0,0.0,477000.0,-8810000.0,3856000.0,-138992000.0,-946000.0,0.0,0.0,-130825000.0,2254899437.1127443,-0.01046799411026724,0.0027671193141311492
2022-11-23,12866000.0,2425000.0,-17255000.0,-1948000.0,-448500.0,0.0,0.0,0.0,0.0,-24650000.0,-29010500.0,1741795950.4731197,-0.002642733530739098,-0.01046799411026724
2022-11-24,10980000.0,1932000.0,0.0,5808000.0,0.0,0.0,38640000.0,0.0,716000.0,0.0,58076000.0,1221283742.5655348,0.005946582437104809,-0.002642733530739098
2022-11-25,6328000.0,0.0,0.0,479000.0,0.0,0.0,0.0,0.0,0.0,968000.0,7775000.0,1467145328.9858918,0.0009061833240444077,0.005946582437104809
2022-11-28,11518000.0,0.0,0.0,3290000.0,3452000.0,473000.0,93200000.0,0.0,0.0,2838000.0,114771000.0,2040579982.7961774,0.008975717902218995,0.0009061833240444077
2022-11-29,10340000.0,24700000.0,0.0,497000.0,0.0,0.0,-148500000.0,0.0,-6615000.0,0.0,-119578000.0,2787260225.1848154,-0.006455299449499515,0.008975717902218995
2022-11-30,16303000.0,-50300000.0,-5120000.0,0.0,-4189500.0,-7140000.0,-151500000.0,-2004000.0,0.0,-34748000.0,-238698500.0,3464292215.196403,-0.010676898147491677,-0.006455299449499515
2022-12-01,9880000.0,-52000000.0,-57024000.0,-8874000.0,-1926000.0,-1054000.0,-156600000.0,0.0,0.0,-17391000.0,-284989000.0,3625345245.846826,-0.010272364847121504,-0.010676898147491677
2022-12-02,-982000.0,-51700000.0,-43658000.0,0.0,-2880000.0,0.0,-155181000.0,-8772000.0,0.0,-12098000.0,-275271000.0,2624440825.0425396,-0.01030088972456468,-0.010272364847121504
2022-12-05,-7392000.0,-3348000.0000000005,-170099999.99999997,-289562000.0,-6209999.999999999,-564000.0,-167700000.00000003,0.0,-8209999.999999999,0.0,-653086000.0,4650276628.6882305,-0.015289351115329978,-0.01030088972456468
2022-12-06,-1042999.9999999999,-54800000.00000001,-138632000.0,-19285000.0,0.0,0.0,-165000000.0,-13700000.000000002,0.0,-60713000.00000001,-453173000.0,2651288448.4239798,-0.0193887983570518,-0.015289351115329978
2022-12-07,0.0,-9265000.0,-8325000.000000001,-95725000.0,0.0,0.0,-163500000.0,-544000.0,-4020000.0000000005,0.0,-281379000.0,3351452418.8123307,-0.009944485677005104,-0.0193887983570518
2022-12-08,0.0,-30186000.000000004,-114199999.99999999,-357432000.00000006,-2072000.0,0.0,-168300000.00000003,-6708000.000000001,824000.0,1703999.9999999998,-676370000.0000001,2796720872.2633543,-0.027703529277098075,-0.009944485677005104
2022-12-09,0.0,-20700000.0,0.0,-289077000.0,0.0,-17430000.0,-172500000.0,-2865000.0,0.0,-1755000.0,-504327000.0,3686958479.2049613,-0.01476916180607242,-0.027703529277098075
2022-12-12,0.0,-30024000.000000004,0.0,558000.0,0.0,0.0,-557000.0,0.0,0.0,-28249999.999999996,-58273000.0,2207904813.438719,-0.002847513280659843,-0.01476916180607242
2022-12-13,5315000.0,8385000.000000001,5699999.999999999,-5610000.000000001,0.0,0.0,-168000000.00000003,0.0,0.0,0.0,-154210000.00000003,2012310292.48813,-0.00825310076221411,-0.002847513280659843
2022-12-14,2140000.0,0.0,-1146000.0,-123296999.99999999,-1040999.9999999999,0.0,-168600000.00000003,-561000.0,0.0,0.0,-292505000.0,2084169084.233624,-0.014818094587233224,-0.00825310076221411
2022-12-15,0.0,-9882000.0,0.0,-55000000.00000001,0.0,0.0,-131760000.00000001,-1644000.0000000002,0.0,0.0,-198286000.00000003,1576981450.2798104,-0.013432321100137852,-0.014818094587233224
2022-12-16,0.0,4408000.0,0.0,-1108000.0,0.0,0.0,0.0,0.0,-1620000.0,0.0,1680000.0,2139944344.148305,9.166919319466626e-05,-0.013432321100137852
2022-12-19,0.0,0.0,0.0,0.0,0.0,0.0,0.0,0.0,0.0,0.0,0.0,1976530891.9340417,0.0,9.166919319466626e-05
2022-12-20,-1000999.9999999999,0.0,0.0,529000.0,0.0,-7995000.0,5280000.0,0.0,0.0,0.0,-3187000.0,1847562568.4492924,-0.0002658411010225408,0.0
2022-12-21,1004999.9999999999,0.0,0.0,0.0,0.0,0.0,-132250000.0,-1056000.0,0.0,0.0,-132301000.0,1075089555.5184805,-0.014669035201876159,-0.0002658411010225408
2022-12-22,0.0,0.0,-16980000.0,-185256000.00000003,-7710000.0,-11259999.999999998,-167400000.00000003,-2775000.0000000005,0.0,0.0,-391381000.00000006,2123179365.0007548,-0.025794459424155064,-0.014669035201876159
2022-12-23,0.0,-1644000.0000000002,0.0,0.0,0.0,0.0,1098000.0,-7111000.000000001,0.0,-8355000.000000001,-16012000.000000002,1328246099.76366,-0.0017528693285445666,-0.025794459424155064
2022-12-28,0.0,0.0,0.0,0.0,0.0,0.0,0.0,0.0,0.0,0.0,0.0,2096222912.2306514,0.0,-0.0017528693285445666
2022-12-29,0.0,0.0,0.0,0.0,0.0,0.0,544000.0,-27050000.0,-3960000.0,0.0,-30466000.0,1955526165.5085042,-0.0023936867730486155,0.0
2022-12-30,3104999.9999999995,0.0,0.0,0.0,0.0,0.0,0.0,0.0,0.0,0.0,3104999.9999999995,1817989197.0685725,0.0003385438902299511,-0.0023936867730486155
2023-01-03,-3143979.04,0.0,11220000.000000002,62602000.00000001,-6629973.48,-1674000.0000000002,122766000.00000001,0.0,-3212000.0,0.0,181928047.48000002,2208313574.9695826,0.012741494872862521,0.0003385438902299511
2023-01-04,-2182000.0,-18400000.0,-46800000.0,578000.0,0.0,0.0,-33407999.999999996,0.0,0.0,-4073999.9999999995,-104286000.0,3554918688.386525,-0.004413799347630279,0.012741494872862521
2023-01-05,0.0,583000.0,0.0,36394000.0,0.0,0.0,-69030000.0,-3492000.0,-3412000.0,0.0,-38957000.0,3673979775.71469,-0.0017022265665046744,-0.004413799347630279
2023-01-06,-5470000.0,0.0,5860000.0,0.0,0.0,0.0,-6899999.999999999,0.0,0.0,5820000.0,-689999.9999999991,2701698822.839013,-3.53481940000422e-05,-0.0017022265665046744
2023-01-09,-7805000.0,0.0,0.0,0.0,-1624500.0,0.0,-60564000.0,0.0,0.0,-1785000.0,-71778500.0,3384882120.853496,-0.0037821478274860545,-3.53481940000422e-05
2023-01-10,1107000.0,0.0,0.0,0.0,-1078000.0,0.0,0.0,0.0,0.0,0.0,29000.0,2351503670.8008575,1.8233500867697886e-06,-0.0037821478274860545
2023-01-11,0.0,0.0,0.0,0.0,-2154000.0,0.0,0.0,0.0,0.0,0.0,-2154000.0,3582976990.1089635,-0.0001117490251176961,1.8233500867697886e-06
2023-01-12,0.0,0.0,5800000.0,-5709999.999999999,-525500.0,0.0,0.0,-19880000.0,0.0,-52019999.99999999,-72335500.0,3459492419.5423903,-0.003902370685653111,-0.0001117490251176961
2023-01-13,2188000.0,0.0,0.0,0.0,0.0,0.0,0.0,0.0,0.0,0.0,2188000.0,2350788257.8898554,0.00015112624420973123,-0.003902370685653111
2023-01-16,0.0,0.0,0.0,0.0,-524500.0,0.0,0.0,0.0,0.0,0.0,-524500.0,2555029075.5503416,-3.1096149828241226e-05,0.00015112624420973123
2023-01-17,0.0,0.0,0.0,-82512000.0,0.0,0.0,1718999.9999999998,0.0,0.0,0.0,-80793000.0,2103343534.7703457,-0.005395728478208377,-3.1096149828241226e-05
2023-01-18,-27300000.000000004,0.0,0.0,-34500000.0,0.0,0.0,577000.0,0.0,0.0,0.0,-61223000.0,2511483307.018285,-0.0036150493692013825,-0.005395728478208377
2023-01-19,0.0,0.0,0.0,0.0,0.0,0.0,0.0,0.0,0.0,0.0,0.0,1923648261.9610646,0.0,-0.0036150493692013825
2023-01-20,0.0,0.0,0.0,0.0,0.0,0.0,585000.0,0.0,0.0,0.0,585000.0,2059115213.3198888,5.520164779642757e-05,0.0
2023-01-30,0.0,0.0,-13754000.0,-228930000.0,0.0,0.0,0.0,0.0,0.0,0.0,-242684000.0,4955275236.86105,-0.008008575572999067,5.520164779642757e-05
2023-01-31,2174000.0,0.0,5238000.0,-42825000.0,0.0,0.0,0.0,0.0,0.0,-28999999.999999996,-64413000.0,3923540582.9226003,-0.002966986791874617,-0.008008575572999067
2023-02-01,0.0,0.0,-24200000.0,-139825000.0,0.0,603000.0,-23840000.0,0.0,0.0,0.0,-187262000.0,2850775672.700925,-0.009179291252096634,-0.002966986791874617
2023-02-02,0.0,-10764000.0,-67320000.0,-238800000.0,-5540000.000000001,-3035000.0,-18000000.0,0.0,0.0,0.0,-343459000.0,2361666875.9136424,-0.01754838565897068,-0.009179291252096634
2023-02-03,0.0,-589000.0,-48160000.0,0.0,0.0,0.0,1182000.0,-5880000.0,0.0,0.0,-53447000.0,2290861306.528934,-0.003369000050342205,-0.01754838565897068
2023-02-06,0.0,0.0,5220000.0,0.0,0.0,0.0,0.0,0.0,0.0,0.0,5220000.0,2538105986.254677,0.00028542327975750073,-0.003369000050342205
2023-02-07,2188000.0,0.0,4696000.0,-349025000.0,0.0,0.0,-1152000.0,0.0,840000.0,0.0,-342453000.0,2047105164.1818323,-0.02437672136788339,0.00028542327975750073
2023-02-08,0.0,1132000.0,0.0,-225999999.99999997,-523499.99999999994,0.0,0.0,0.0,0.0,0.0,-225391499.99999997,2798349780.7527285,-0.014413927458040106,-0.02437672136788339
2023-02-09,0.0,0.0,-40324000.0,-433752000.0,0.0,0.0,0.0,0.0,0.0,0.0,-474076000.0,2751983346.555713,-0.025631148519744632,-0.014413927458040106
2023-02-10,0.0,0.0,1146000.0,0.0,0.0,0.0,91044000.00000001,0.0,1640000.0,0.0,93830000.00000001,2557456687.7222457,0.004945697310408377,-0.025631148519744632
2023-02-13,3189000.0,0.0,12011999.999999998,6732000.000000001,0.0,4536000.0,15174000.000000002,3366000.0000000005,819000.0,39330000.0,85158000.0,2237270833.5337567,0.005119691712253215,0.004945697310408377
2023-02-14,2114000.0,3348000.0000000005,5669999.999999999,0.0,0.0,9040000.0,0.0,1114000.0,1628000.0,0.0,22914000.0,1707994010.2554443,0.0021617504944290763,0.005119691712253215
2023-02-15,10500000.0,1662000.0000000002,2819999.9999999995,13850000.000000002,5105000.0,11200000.000000002,166200000.0,3878000.0000000005,0.0,5620000.000000001,220835000.0,1853715820.485647,0.016084998893336394,0.0021617504944290763
2023-02-16,5375000.0,3940999.9999999995,-13201999.999999998,-28199999.999999996,0.0,11419999.999999998,565000.0,2252000.0,0.0,9724000.0,-8124999.999999993,2206002490.6999984,-0.0005010606974406675,0.016084998893336394
2023-02-17,7378000.0,4416000.0,0.0,0.0,0.0,11160000.000000002,0.0,0.0,0.0,0.0,22954000.0,1697941830.3147638,0.001628305380609451,-0.0005010606974406675
2023-02-20,5340000.0,0.0,4560000.0,0.0,0.0,11319999.999999998,0.0,0.0,0.0,0.0,21220000.0,1360378595.7092292,0.0017606175027845023,0.001628305380609451
2023-02-21,9306000.0,7085000.000000001,0.0,110090000.00000001,0.0,10980000.0,5440000.0,0.0,0.0,0.0,142901000.0,2488629496.38477,0.010277707563692331,0.0017606175027845023
2023-02-22,10120000.0,18725000.0,0.0,266965000.00000003,1970000.0,10800000.0,160500000.0,17088000.0,1562000.0,0.0,487730000.0,2472350222.5132527,0.03480942325206543,0.010277707563692331
2023-02-23,16448000.0,64141000.00000001,0.0,132300000.00000001,0.0,10900000.0,0.0,9702000.0,0.0,3829000.0000000005,237320000.0,1865891380.3878372,0.01657354782143856,0.03480942325206543
2023-02-24,39194999.99999999,2116000.0,5410000.0,177156000.0,10747000.0,10720000.0,55650000.0,3710000.0,0.0,2690000.0,307394000.0,2385976654.74974,0.01862963414745507,0.01657354782143856
2023-02-27,18810000.0,96385000.0,14896000.0,337335000.0,0.0,10520000.0,39075000.0,6252000.0,3825000.0,0.0,527098000.0,2117351495.3172622,0.02983347216420122,0.01862963414745507
2023-02-28,9820000.0,23310000.0,33327000.0,215280000.0,0.0,20920000.0,258482000.0,8806000.0,3040000.0,5270000.0,578255000.0,2415085554.3322496,0.03204750672133782,0.02983347216420122
2023-03-01,-6209999.999999999,3258000.0,9972000.0,31065000.000000004,0.0,22040000.0,245250000.00000003,7072000.000000001,-2385000.0,11060000.000000002,321122000.00000006,2843272928.868031,0.015823395696803327,0.03204750672133782
2023-03-02,3054000.0,535000.0,0.0,60794000.00000001,0.0,10840000.0,322200000.0,17655000.0,0.0,-8160000.000000001,406918000.0,1788154082.80645,0.02896144825875563,0.015823395696803327
2023-03-03,5230000.0,1100000.0,7868000.000000001,553000.0,0.0,11140000.000000002,0.0,0.0,0.0,0.0,25891000.0,1762532414.8486183,0.0017650316074613464,0.02896144825875563
2023-03-06,1040000.0,2188000.0,0.0,30744000.000000004,0.0,11040000.0,41100000.0,-2188000.0,0.0,-2228000.0,81696000.0,1529830072.2223072,0.005416617418126904,0.0017650316074613464
2023-03-07,5084999.999999999,2675000.0,10940000.0,1074000.0,0.0,10840000.0,18760000.0,0.0,0.0,0.0,49374000.0,1823500299.1632807,0.0033919324150662737,0.005416617418126904
2023-03-08,12922000.0,524000.0,25728000.0,59964000.0,0.0,10580000.0,40872000.0,0.0,3840000.0,10680000.0,165110000.0,1898487002.543777,0.011686785611161108,0.0033919324150662737
2023-03-09,6937000.0,8384000.0,23452000.0,24104000.0,0.0,10540000.0,183050000.0,1566000.0,0.0,15960000.0,273993000.0,1454550135.0562742,0.02488616706238423,0.011686785611161108
2023-03-10,0.0,2490000.0,101600000.0,399200000.0,7328000.0,22590000.0,397600000.0,0.0,7280000.0,5050000.0,943138000.0,3602612338.432585,0.027705035289297363,0.02488616706238423
2023-03-13,17370000.0,138411000.0,33152000.0,408000000.0,0.0,19968000.0,15210000.0,10140000.0,0.0,119995000.0,762246000.0,2349440335.920731,0.03606864029367975,0.027705035289297363
2023-03-14,0.0,496000.0,95570000.0,398400000.0,4570000.0,29880000.0,494000000.0,0.0,0.0,0.0,1022916000.0,2001572094.2559435,0.05503973158202444,0.03606864029367975
2023-03-15,0.0,42084000.0,511000.0,402400000.0,23125000.0,10120000.0,3000000.0,5500000.0,0.0,5100000.0,491840000.0,1580012556.5492835,0.030581971152569803,0.05503973158202444
2023-03-16,0.0,1488000.0,0.0,397600000.0,19152000.0,9980000.0,0.0,0.0,0.0,0.0,428220000.0,1700489408.0958765,0.03143428792415336,0.030581971152569803
2023-03-17,7800000.0,4608000.0,0.0,207142000.0,0.0,10340000.0,0.0,7154000.0,0.0,0.0,237044000.0,2726378738.1422954,0.008474222448282474,0.03143428792415336
2023-03-20,0.0,-500000.0,0.0,53212000.0,8271000.0,10080000.0,26500000.0,0.0,0.0,-2540000.0,95023000.0,1713181848.7122884,0.005873762225042593,0.008474222448282474
2023-03-21,2910000.0,2044000.0,0.0,17990000.0,0.0,10320000.0,0.0,0.0,0.0,0.0,33264000.0,1563953529.4801142,0.0023057965927138083,0.005873762225042593
2023-03-22,986000.0,1560000.0,0.0,1569000.0,119271000.0,10500000.0,0.0,0.0,0.0,0.0,133886000.0,1670095995.4026792,0.008481233480435035,0.0023057965927138083
2023-03-23,-9162000.0,2140000.0,0.0,2156000.0,24925000.0,10800000.0,-2144000.0,0.0,0.0,0.0,28715000.0,3303357751.61833,0.0011848700765922286,0.008481233480435035
2023-03-24,0.0,3240000.0,0.0,0.0,76270500.0,10920000.0,0.0,0.0,0.0,0.0,90430500.0,2686120511.312148,0.004606414206522636,0.0011848700765922286
2023-03-27,0.0,0.0,12078000.000000002,10800000.0,135630000.0,10840000.0,55952000.0,0.0,0.0,0.0,225300000.0,3082827287.104918,0.012677582485282194,0.004606414206522636
2023-03-28,3048000.0,1608000.0,6576000.000000001,12420000.0,134504000.0,10820000.0,0.0,0.0,0.0,0.0,168976000.0,2384651407.2244744,0.009977090127000534,0.012677582485282194
2023-03-29,0.0,3324000.0000000005,0.0,18870000.0,168997499.99999997,11120000.000000002,551000.0,0.0,0.0,0.0,202862499.99999997,4103255946.5308185,0.008339842714564201,0.009977090127000534
2023-03-30,-2092000.0,39888000.0,1691999.9999999998,15540000.000000002,175605000.0,55900000.00000001,0.0,0.0,0.0,0.0,286533000.0,2815412886.3606396,0.012211310227747406,0.008339842714564201
2023-03-31,0.0,18381000.0,0.0,560000.0,51349999.99999999,61929999.99999999,0.0,0.0,0.0,0.0,132221000.0,2955880255.489199,0.006389626421824329,0.012211310227747406
2023-04-03,0.0,3336000.0000000005,0.0,12857000.000000002,33182499.999999996,11200000.000000002,0.0,0.0,0.0,2829999.9999999995,63405500.0,2138248500.963144,0.0034484827502542946,0.006389626421824329
2023-04-04,0.0,1653000.0000000002,0.0,16590000.000000002,58247499.99999999,11120000.000000002,0.0,0.0,0.0,0.0,87610500.0,2160543094.0626283,0.004408930926654635,0.0034484827502542946
2023-04-06,0.0,4352000.0,555000.0,9299000.0,83082999.99999999,10980000.0,0.0,0.0,0.0,156228000.0,264497000.0,1926555873.768404,0.01816017988587289,0.004408930926654635
2023-04-11,0.0,0.0,0.0,550000.0,0.0,11020000.0,0.0,0.0,0.0,0.0,11570000.0,2241743438.4694986,0.0006696363483413975,0.01816017988587289
2023-04-12,0.0,4336000.0,2212000.0,543000.0,4970000.0,10880000.0,539000.0,0.0,0.0,0.0,23480000.0,2420075452.6217585,0.0015521418556170214,0.0006696363483413975
2023-04-13,-3020999.9999999995,5863000.0,38695000.0,123816000.0,7357500.0,10720000.0,1064000.0,0.0,0.0,0.0,184494500.0,2092716152.806645,0.012861210251623841,0.0015521418556170214
2023-04-14,-1018000.0,6981000.0,0.0,18900000.0,0.0,0.0,0.0,0.0,0.0,0.0,24863000.0,1447768636.411741,0.0016766262568514404,0.012861210251623841
2023-04-17,0.0,4408000.0,0.0,67344000.0,30896499.999999996,11100000.000000002,0.0,0.0,0.0,0.0,113748500.0,1778893169.8099277,0.006371799267387038,0.0016766262568514404
2023-04-18,-2057999.9999999998,3270000.0000000005,0.0,95550000.0,0.0,10940000.0,0.0,0.0,0.0,0.0,107702000.0,1319026012.4953566,0.007828710907823312,0.006371799267387038
2023-04-19,-1012999.9999999999,4296000.0,188168000.0,18830000.0,50286000.0,21600000.0,0.0,0.0,0.0,0.0,282167000.0,1617149755.356901,0.01849850656181522,0.007828710907823312
2023-04-20,0.0,18690000.0,15260000.000000002,22512000.0,21177500.0,21560000.0,0.0,0.0,0.0,0.0,99199500.0,1639701737.6866026,0.007133404436161986,0.01849850656181522
2023-04-21,979000.0,12432000.0,6348000.0,42640000.0,79408500.0,20840000.0,0.0,0.0,0.0,0.0,162647500.0,1819763529.7816355,0.010190620885161043,0.007133404436161986
2023-04-24,2901000.0,,,,,,0.0,0.0,0.0,0.0,2901000.0,1545556175.4132674,0.00019736777615959178,0.010190620885161043
2023-04-25,,,,,,,2490000.0,0.0,0.0,0.0,2490000.0,1864115724.8852916,0.0001691182383516186,0.00019736777615959178
2023-04-26,,,,,,,151800000.0,506000.0,0.0,0.0,152306000.0,1937971103.7823362,0.011726185352276862,0.0001691182383516186
2023-04-27,,,,,,,,,0.0,0.0,0.0,1405997779.7799592,0.0,0.011726185352276862
